,Date,Clouds
0,2013-04-12,0
1,2012-04-22,0
2,2014-04-28,0
3,2012-08-26,0
4,2017-09-11,0
5,2020-10-11,0
6,2014-09-11,0
7,2012-10-14,0
8,2013-11-21,0
9,2015-06-07,0
10,2021-07-22,0
11,2012-01-23,0
12,2021-04-06,0
13,2018-01-13,0
14,2016-11-27,0
15,2015-10-24,0
16,2017-07-07,0
17,2013-04-10,0
18,2013-10-07,0
19,2018-05-08,0
20,2020-12-11,0
21,2019-02-20,0
22,2015-08-14,0
23,2013-06-11,0
24,2018-05-30,0
25,2019-05-03,0
26,2016-09-13,0
27,2013-07-25,0
28,2020-08-18,0
29,2012-02-17,0
30,2013-12-29,0
31,2016-12-16,0
32,2011-04-09,0
33,2013-07-06,0
34,2011-04-22,0
35,2018-05-06,0
36,2013-08-09,0
37,2018-07-22,0
38,2011-01-04,0
39,2012-01-01,0
40,2016-07-27,0
41,2011-12-04,0
42,2017-08-25,0
43,2019-05-28,0
44,2010-08-22,0
45,2013-07-10,0
46,2020-12-24,0
47,2021-08-13,0
48,2015-04-22,0
49,2014-07-12,0
50,2021-06-09,0
51,2011-09-30,0
52,2012-08-20,0
53,2016-11-08,0
54,2011-04-26,0
55,2012-11-05,0
56,2013-08-06,0
57,2014-06-07,0
58,2018-08-22,0
59,2020-04-03,0
60,2010-01-28,0
61,2013-12-01,0
62,2021-07-07,0
63,2020-06-04,0
64,2013-10-03,0
65,2014-09-15,0
66,2020-04-08,0
67,2013-04-06,0
68,2017-10-17,0
69,2021-10-09,0
70,2016-06-13,0
71,2016-05-29,0
72,2015-06-13,0
73,2018-09-11,0
74,2020-08-06,0
75,2013-12-19,0
76,2021-06-28,0
77,2019-01-13,0
78,2015-07-07,0
79,2020-11-09,0
80,2021-04-04,0
81,2015-12-28,0
82,2013-06-28,0
83,2012-06-06,0
84,2013-05-30,0
85,2016-03-24,0
86,2016-07-20,0
87,2012-10-04,0
88,2019-05-10,0
89,2021-05-14,0
90,2014-01-08,0
91,2012-09-18,0
92,2016-02-29,0
93,2016-05-13,0
94,2010-10-18,0
95,2010-09-21,0
96,2020-12-01,0
97,2020-09-03,0
98,2017-02-28,0
99,2010-10-02,0
100,2012-06-29,0
101,2010-07-15,0
102,2021-07-17,0
103,2016-04-06,0
104,2019-09-20,0
105,2011-01-18,0
106,2021-05-07,0
107,2013-04-30,0
108,2011-01-10,0
109,2016-09-30,0
110,2013-11-28,0
111,2013-08-19,0
112,2020-02-16,0
113,2018-09-04,0
114,2011-04-21,0
115,2013-08-15,0
116,2012-09-19,0
117,2020-02-14,0
118,2017-09-28,0
119,2013-09-07,0
120,2020-09-09,0
121,2012-06-21,0
122,2013-05-03,0
123,2015-10-22,0
124,2020-06-20,0
125,2016-02-26,0
126,2014-05-13,0
127,2011-04-11,0
128,2016-09-06,0
129,2017-04-18,0
130,2020-02-29,0
131,2015-11-06,0
132,2019-10-20,0
133,2014-06-11,0
134,2020-12-20,0
135,2016-07-29,0
136,2021-02-22,0
137,2016-01-08,0
138,2012-05-27,0
139,2014-02-11,0
140,2010-11-03,0
141,2017-12-15,0
142,2016-06-02,0
143,2011-08-27,0
144,2019-07-22,0
145,2018-02-08,0
146,2017-05-29,0
147,2016-07-14,0
148,2019-01-27,0
149,2018-07-27,0
150,2021-06-29,0
151,2021-09-14,0
152,2019-06-22,0
153,2018-06-26,0
154,2017-06-18,0
155,2017-10-27,0
156,2015-08-08,0
157,2016-07-13,0
158,2017-08-07,0
159,2021-03-03,0
160,2019-05-08,0
161,2010-02-25,0
162,2014-08-21,0
163,2017-05-05,0
164,2018-02-04,0
165,2016-08-28,0
166,2019-12-28,0
167,2019-10-17,0
168,2010-07-11,0
169,2019-05-11,0
170,2012-08-16,0
171,2017-08-26,0
172,2020-08-14,0
173,2013-01-20,0
174,2019-11-16,0
175,2010-10-19,0
176,2021-11-25,0
177,2018-12-31,0
178,2013-03-30,0
179,2015-09-21,0
180,2020-06-24,0
181,2016-06-10,0
182,2014-09-20,0
183,2020-06-22,0
184,2021-12-10,0
185,2011-08-26,0
186,2017-05-19,0
187,2010-09-04,0
188,2019-09-17,0
189,2020-08-03,0
190,2017-03-28,0
191,2010-10-06,0
192,2015-10-07,0
193,2011-11-30,0
194,2011-07-19,0
195,2015-04-10,0
196,2019-04-24,0
197,2016-08-27,0
198,2014-07-16,0
199,2017-09-08,0
200,2010-07-14,0
201,2021-08-04,0
202,2010-05-13,0
203,2014-05-29,0
204,2012-09-09,0
205,2020-08-28,0
206,2021-09-23,0
207,2014-02-16,0
208,2017-09-09,0
209,2013-12-15,0
210,2017-07-31,0
211,2011-01-09,0
212,2013-11-05,0
213,2015-03-07,0
214,2020-09-28,0
215,2021-07-13,0
216,2011-11-10,0
217,2019-01-28,0
218,2012-04-28,0
219,2016-02-17,0
220,2016-06-29,0
221,2020-08-15,0
222,2016-09-02,0
223,2021-03-12,0
224,2013-07-23,0
225,2011-09-20,0
226,2017-09-02,0
227,2010-12-12,0
228,2013-02-21,0
229,2020-04-02,0
230,2013-07-21,0
231,2020-03-03,0
232,2019-10-31,0
233,2012-01-05,0
234,2011-08-02,0
235,2014-01-07,0
236,2017-10-23,0
237,2018-10-15,0
238,2015-11-21,0
239,2019-02-21,0
240,2019-08-21,0
241,2018-10-26,0
242,2021-10-16,0
243,2017-08-17,0
244,2015-06-15,0
245,2015-06-24,0
246,2010-11-14,0
247,2018-03-19,0
248,2013-02-18,0
249,2010-07-22,0
250,2012-08-12,0
251,2010-03-23,0
252,2011-02-03,0
253,2013-04-22,0
254,2018-09-15,0
255,2020-02-18,0
256,2020-11-11,0
257,2011-02-12,0
258,2013-11-15,0
259,2013-02-03,0
260,2019-10-29,0
261,2016-03-30,0
262,2014-10-29,0
263,2019-07-04,0
264,2016-07-22,0
265,2010-10-14,0
266,2021-09-29,0
267,2011-12-17,0
268,2017-04-28,0
269,2020-05-27,0
270,2012-10-26,0
271,2011-10-15,0
272,2010-07-26,0
273,2013-12-14,0
274,2015-03-26,0
275,2016-05-14,0
276,2020-11-10,0
277,2013-09-09,0
278,2021-10-03,0
279,2015-11-29,0
280,2012-08-27,0
281,2015-08-13,0
282,2019-07-25,0
283,2011-02-26,0
284,2010-05-07,0
285,2012-05-16,0
286,2021-07-12,0
287,2019-05-09,0
288,2014-04-08,0
289,2012-10-05,0
290,2016-02-16,0
291,2020-06-29,0
292,2013-04-28,0
293,2018-08-19,0
294,2013-02-23,0
295,2019-07-14,0
296,2010-08-23,0
297,2015-05-30,0
298,2016-09-25,0
299,2018-08-26,0
300,2011-12-22,0
301,2021-07-25,0
302,2013-04-16,0
303,2016-07-02,0
304,2018-11-14,0
305,2011-07-07,0
306,2014-12-27,0
307,2013-04-03,0
308,2010-06-16,0
309,2012-04-19,0
310,2013-08-01,0
311,2014-08-27,0
312,2018-05-10,0
313,2014-09-26,0
314,2013-06-08,0
315,2018-11-08,0
316,2019-05-04,0
317,2015-03-09,0
318,2013-12-25,0
319,2021-04-22,0
320,2014-07-19,0
321,2010-02-22,0
322,2017-08-09,0
323,2019-12-16,0
324,2019-01-21,0
325,2013-03-17,0
326,2019-03-11,0
327,2019-12-14,0
328,2014-02-19,0
329,2018-01-07,0
330,2013-09-06,0
331,2021-12-01,0
332,2011-07-02,0
333,2017-07-20,0
334,2013-03-11,0
335,2021-06-20,0
336,2020-10-23,0
337,2011-02-05,0
338,2013-06-19,0
339,2016-05-30,0
340,2021-10-02,0
341,2012-03-04,0
342,2015-04-16,0
343,2013-07-07,0
344,2014-02-22,0
345,2015-09-11,0
346,2010-01-14,0
347,2020-07-02,0
348,2016-03-31,0
349,2013-03-24,0
350,2014-07-22,0
351,2014-09-17,0
352,2014-10-01,0
353,2017-12-31,0
354,2017-11-22,0
355,2019-07-11,0
356,2016-07-03,0
357,2021-08-14,0
358,2014-07-24,0
359,2018-02-10,0
360,2012-04-29,0
361,2014-04-12,0
362,2010-09-28,0
363,2015-11-18,0
364,2010-07-07,0
365,2016-02-27,0
366,2011-04-29,0
367,2020-10-26,0
368,2015-04-25,0
369,2018-06-20,0
370,2010-09-15,0
371,2010-11-29,0
372,2013-04-18,0
373,2012-06-25,0
374,2016-09-21,0
375,2016-11-24,0
376,2012-08-01,0
377,2017-11-18,0
378,2012-07-22,0
379,2020-04-16,0
380,2013-05-17,0
381,2010-08-27,0
382,2017-07-02,0
383,2015-01-31,0
384,2015-12-01,0
385,2014-10-13,0
386,2015-07-25,0
387,2013-06-16,0
388,2013-06-22,0
389,2021-02-23,0
390,2011-08-19,0
391,2010-04-07,0
392,2012-04-04,0
393,2016-10-10,0
394,2018-10-16,0
395,2014-08-12,0
396,2014-08-30,0
397,2021-02-10,0
398,2020-08-12,0
399,2010-08-26,0
400,2014-04-26,0
401,2015-03-06,0
402,2010-03-18,0
403,2016-08-17,0
404,2012-09-21,0
405,2021-09-30,0
406,2017-05-26,0
407,2017-09-17,0
408,2016-10-09,0
409,2020-02-19,0
410,2013-07-11,0
411,2015-10-09,0
412,2011-08-30,0
413,2010-06-06,0
414,2017-10-24,0
415,2018-09-27,0
416,2010-02-02,0
417,2016-04-16,0
418,2011-04-30,0
419,2017-12-01,0
420,2015-09-24,0
421,2020-05-21,0
422,2019-03-14,0
423,2021-03-13,0
424,2014-10-10,0
425,2021-10-06,0
426,2016-08-31,0
427,2021-07-20,0
428,2021-09-16,0
429,2011-03-11,0
430,2021-08-06,0
431,2012-10-25,0
432,2013-10-17,0
433,2011-04-04,0
434,2014-09-14,0
435,2017-09-13,0
436,2019-07-20,0
437,2018-11-25,0
438,2020-03-02,0
439,2014-06-17,0
440,2012-09-29,0
441,2013-06-18,0
442,2011-10-06,0
443,2012-02-25,0
444,2014-07-14,0
445,2013-06-05,0
446,2016-04-05,0
447,2011-05-07,0
448,2016-03-17,0
449,2020-05-01,0
450,2014-01-25,0
451,2021-04-12,0
452,2020-03-27,0
453,2019-12-23,0
454,2010-10-12,0
455,2012-07-07,0
456,2019-08-26,0
457,2015-10-15,0
458,2013-01-15,0
459,2014-09-02,0
460,2011-08-03,0
461,2012-09-26,0
462,2018-10-06,0
463,2017-12-16,0
464,2014-07-06,0
465,2021-03-30,0
466,2016-06-30,0
467,2021-07-21,0
468,2010-05-18,0
469,2014-10-22,0
470,2021-09-06,0
471,2012-09-27,0
472,2016-12-12,0
473,2010-08-01,0
474,2021-05-17,0
475,2016-08-26,0
476,2011-04-05,0
477,2013-08-07,0
478,2013-07-28,0
479,2013-10-26,0
480,2015-12-15,0
481,2016-08-10,0
482,2017-01-15,0
483,2011-10-08,0
484,2016-07-31,0
485,2012-02-23,0
486,2010-12-07,0
487,2019-08-22,0
488,2014-02-03,0
489,2016-06-08,0
490,2016-02-08,0
491,2016-07-12,0
492,2019-11-14,0
493,2011-07-31,0
494,2021-02-24,0
495,2014-03-21,0
496,2019-06-14,0
497,2020-04-27,0
498,2021-06-16,0
499,2011-09-15,0
500,2014-10-12,0
501,2011-08-09,0
502,2011-10-17,0
503,2015-07-17,0
504,2020-02-24,0
505,2018-02-25,0
506,2019-07-18,0
507,2010-02-27,0
508,2013-07-20,0
509,2013-03-22,0
510,2015-04-26,0
511,2016-06-23,0
512,2010-04-06,0
513,2019-10-21,0
514,2020-12-02,0
515,2021-08-29,0
516,2021-11-12,0
517,2016-08-18,0
518,2013-11-10,0
519,2012-11-06,0
520,2014-01-05,0
521,2012-02-04,0
522,2014-07-05,0
523,2021-11-24,0
524,2013-08-16,0
525,2015-02-16,0
526,2013-09-24,0
527,2019-04-22,0
528,2015-08-03,0
529,2019-08-01,0
530,2012-08-03,0
531,2021-06-23,0
532,2010-10-09,0
533,2020-11-12,0
534,2020-08-30,0
535,2010-11-25,0
536,2014-06-27,0
537,2012-09-08,0
538,2014-04-30,0
539,2020-11-24,0
540,2011-10-27,0
541,2021-12-09,0
542,2011-12-19,0
543,2015-06-10,0
544,2018-12-19,0
545,2016-06-03,0
546,2021-10-07,0
547,2014-11-27,0
548,2016-04-01,0
549,2014-03-17,0
550,2010-07-28,0
551,2019-07-17,0
552,2020-07-21,0
553,2013-06-27,0
554,2021-07-02,0
555,2012-07-04,0
556,2013-09-10,0
557,2012-06-30,0
558,2019-07-03,0
559,2018-06-05,0
560,2018-10-11,0
561,2012-10-21,0
562,2013-07-03,0
563,2015-08-31,0
564,2016-06-18,0
565,2015-08-23,0
566,2020-07-06,0
567,2017-07-25,0
568,2017-10-12,0
569,2019-07-28,0
570,2020-09-20,0
571,2016-01-27,0
572,2018-11-18,0
573,2021-07-16,0
574,2013-07-24,0
575,2011-01-27,0
576,2014-09-16,0
577,2020-04-28,0
578,2019-04-10,0
579,2018-10-12,0
580,2010-12-16,0
581,2013-08-27,0
582,2020-04-14,0
583,2019-10-06,0
584,2010-09-03,0
585,2011-08-07,0
586,2019-07-12,0
587,2018-03-28,0
588,2013-02-08,0
589,2015-08-05,0
590,2013-08-04,0
591,2020-12-31,0
592,2013-09-19,0
593,2017-05-24,0
594,2018-09-01,0
595,2021-01-18,0
596,2016-11-21,0
597,2018-06-19,0
598,2015-11-10,0
599,2011-11-08,0
600,2020-10-15,0
601,2020-06-10,0
602,2010-06-26,0
603,2011-01-21,0
604,2013-08-12,0
605,2019-03-01,0
606,2020-02-13,0
607,2017-03-13,0
608,2018-10-18,0
609,2020-11-05,0
610,2012-08-22,0
611,2016-11-10,0
612,2016-05-31,0
613,2021-08-02,0
614,2011-12-24,0
615,2017-12-28,0
616,2021-02-09,0
617,2018-11-11,0
618,2016-10-07,0
619,2014-08-22,0
620,2013-08-29,0
621,2015-10-12,0
622,2013-12-30,0
623,2016-12-26,0
624,2018-04-25,0
625,2019-08-15,0
626,2013-05-23,0
627,2010-03-19,0
628,2011-09-05,0
629,2013-01-17,0
630,2011-07-16,0
631,2017-04-14,0
632,2018-02-23,0
633,2018-09-23,0
634,2018-04-22,0
635,2010-11-02,0
636,2014-05-30,0
637,2020-07-17,0
638,2016-12-18,0
639,2016-07-10,0
640,2015-07-24,0
641,2010-08-15,0
642,2012-06-19,0
643,2014-03-14,0
644,2012-11-23,0
645,2018-11-24,0
646,2017-08-06,0
647,2020-08-05,0
648,2019-11-07,0
649,2018-07-30,0
650,2012-07-24,0
651,2015-10-29,0
652,2018-08-01,0
653,2014-06-18,0
654,2011-11-13,0
655,2015-05-10,0
656,2020-07-20,0
657,2021-02-04,0
658,2012-06-17,0
659,2020-10-08,0
660,2020-05-05,0
661,2014-12-23,0
662,2015-10-03,0
663,2021-07-15,0
664,2015-10-30,0
665,2020-06-21,0
666,2013-07-16,0
667,2020-10-21,0
668,2021-10-28,0
669,2019-07-19,0
670,2013-03-26,0
671,2012-04-05,0
672,2018-07-09,0
673,2017-03-31,0
674,2012-06-02,0
675,2020-05-09,0
676,2012-05-31,0
677,2016-10-01,0
678,2013-10-30,0
679,2013-08-28,0
680,2018-09-03,0
681,2011-12-06,0
682,2012-02-15,0
683,2019-11-06,0
684,2011-01-03,0
685,2020-03-06,0
686,2020-09-02,0
687,2014-04-11,0
688,2019-08-19,0
689,2020-01-02,0
690,2019-07-02,0
691,2019-08-13,0
692,2020-07-27,0
693,2016-05-25,0
694,2020-03-11,0
695,2021-02-13,0
696,2014-05-24,0
697,2018-05-13,0
698,2015-08-07,0
699,2017-01-30,0
700,2020-02-09,0
701,2015-02-13,0
702,2013-01-31,0
703,2012-05-19,0
704,2020-08-26,0
705,2011-06-15,0
706,2011-05-02,0
707,2015-01-30,0
708,2020-10-04,0
709,2017-08-10,0
710,2021-05-02,0
711,2010-05-06,0
712,2011-07-14,0
713,2013-11-06,0
714,2011-03-28,0
715,2014-07-02,0
716,2020-02-28,0
717,2020-07-13,0
718,2017-04-09,0
719,2016-07-07,0
720,2013-11-13,0
721,2012-05-07,0
722,2020-07-07,0
723,2018-04-23,0
724,2015-04-12,0
725,2019-10-16,0
726,2021-06-15,0
727,2010-06-29,0
728,2013-12-16,0
729,2016-05-27,0
730,2011-05-06,0
731,2019-05-20,0
732,2014-08-16,0
733,2014-01-18,0
734,2010-03-04,0
735,2019-09-08,0
736,2017-12-29,0
737,2010-10-27,0
738,2013-05-09,0
739,2019-01-22,0
740,2013-05-01,0
741,2011-01-25,0
742,2011-06-12,0
743,2011-08-18,0
744,2012-06-14,0
745,2013-07-17,0
746,2012-10-28,0
747,2015-10-05,0
748,2018-06-23,0
749,2013-05-04,0
750,2011-12-02,0
751,2016-05-19,0
752,2017-07-19,0
753,2014-10-06,0
754,2018-02-21,0
755,2010-07-01,0
756,2011-05-11,0
757,2015-10-13,0
758,2012-12-14,0
759,2013-05-10,0
760,2017-05-02,0
761,2014-07-31,0
762,2016-02-14,0
763,2019-04-26,0
764,2010-08-21,0
765,2013-11-29,0
766,2021-01-19,0
767,2021-04-28,0
768,2011-11-09,0
769,2014-03-15,0
770,2012-08-18,0
771,2016-10-23,0
772,2017-06-24,0
773,2021-05-24,0
774,2012-10-27,0
775,2021-07-19,0
776,2017-05-22,0
777,2012-10-10,0
778,2019-11-03,0
779,2010-04-23,0
780,2012-04-08,0
781,2010-11-10,0
782,2012-10-07,0
783,2018-06-24,0
784,2013-01-29,0
785,2020-10-19,0
786,2015-11-04,0
787,2019-11-21,0
788,2010-11-11,0
789,2021-01-01,0
790,2021-11-26,0
791,2020-06-06,0
792,2013-04-08,0
793,2021-02-17,0
794,2016-09-28,0
795,2020-10-02,0
796,2011-06-23,0
797,2019-07-16,0
798,2015-09-08,0
799,2012-02-09,0
800,2014-11-09,0
801,2016-11-05,0
802,2019-09-25,0
803,2015-01-07,0
804,2020-06-17,0
805,2021-06-02,0
806,2012-10-19,0
807,2017-01-13,0
808,2010-08-17,0
809,2021-12-07,0
810,2011-07-04,0
811,2010-07-27,0
812,2019-02-19,0
813,2010-04-01,0
814,2010-08-29,0
815,2010-09-01,0
816,2019-09-12,0
817,2018-08-17,0
818,2015-11-12,0
819,2012-02-11,0
820,2016-08-02,0
821,2020-06-09,0
822,2018-12-29,0
823,2011-05-29,0
824,2020-11-29,0
825,2021-05-09,0
826,2011-12-23,0
827,2011-09-07,0
828,2017-01-16,0
829,2010-06-09,0
830,2020-07-05,0
831,2015-04-14,0
832,2011-07-08,0
833,2020-09-24,0
834,2019-11-19,0
835,2016-05-17,0
836,2015-03-19,0
837,2016-09-10,0
838,2015-01-03,0
839,2013-04-19,0
840,2017-06-09,0
841,2016-02-05,0
842,2018-07-08,0
843,2019-07-15,0
844,2018-08-21,0
845,2019-03-18,0
846,2018-06-18,0
847,2016-06-20,0
848,2011-02-01,0
849,2021-10-10,0
850,2016-06-19,0
851,2012-05-13,0
852,2016-10-22,0
853,2017-02-10,0
854,2019-12-26,0
855,2011-05-22,0
856,2020-09-22,0
857,2010-07-09,0
858,2021-06-10,0
859,2018-10-10,0
860,2020-11-23,0
861,2021-09-08,0
862,2014-09-22,0
863,2014-10-28,0
864,2019-10-27,0
865,2013-09-11,0
866,2016-09-08,0
867,2020-10-25,0
868,2011-08-15,0
869,2013-12-24,0
870,2013-01-04,0
871,2015-04-28,0
872,2017-12-19,0
873,2017-05-21,0
874,2014-07-28,0
875,2017-06-28,0
876,2021-10-04,0
877,2012-01-27,0
878,2013-06-14,0
879,2018-03-05,0
880,2016-03-19,0
881,2015-04-24,0
882,2021-05-29,0
883,2020-04-25,0
884,2017-08-31,0
885,2010-06-21,0
886,2017-03-02,0
887,2021-02-21,0
888,2010-08-16,0
889,2021-08-16,0
890,2019-07-27,0
891,2015-05-07,0
892,2011-07-25,0
893,2014-10-02,0
894,2021-08-24,0
895,2020-09-15,0
896,2017-09-04,0
897,2017-05-07,0
898,2014-03-20,0
899,2014-02-04,0
900,2011-07-12,0
901,2010-06-20,0
902,2014-06-23,0
903,2014-09-05,0
904,2018-05-11,0
905,2020-02-04,0
906,2016-02-11,0
907,2013-04-20,0
908,2016-08-29,0
909,2015-08-09,0
910,2010-11-16,0
911,2015-03-29,0
912,2020-08-21,0
913,2020-07-29,0
914,2010-04-09,0
915,2018-08-29,0
916,2012-02-03,0
917,2014-06-21,0
918,2011-02-02,0
919,2012-06-20,0
920,2012-07-31,0
921,2017-08-23,0
922,2015-07-14,0
923,2018-04-13,0
924,2018-08-11,0
925,2011-06-08,0
926,2021-04-02,0
927,2017-07-24,0
928,2014-03-16,0
929,2010-05-30,0
930,2010-10-01,0
931,2012-07-16,0
932,2016-11-09,0
933,2018-08-16,0
934,2020-04-10,0
935,2010-08-25,0
936,2011-10-26,0
937,2018-11-01,0
938,2010-05-29,0
939,2013-03-14,0
940,2010-03-14,0
941,2010-07-31,0
942,2010-10-10,0
943,2018-11-13,0
944,2019-06-23,0
945,2011-01-31,0
946,2015-06-29,0
947,2021-08-01,0
948,2013-08-24,0
949,2010-05-20,0
950,2010-06-07,0
951,2016-09-14,0
952,2013-10-19,0
953,2014-01-21,0
954,2016-02-01,0
955,2020-09-27,0
956,2010-11-17,0
957,2013-06-20,0
958,2013-02-17,0
959,2013-11-12,0
960,2016-06-27,0
961,2010-02-19,0
962,2018-05-28,0
963,2012-08-10,0
964,2014-02-24,0
965,2016-03-25,0
966,2021-09-17,0
967,2017-10-11,0
968,2018-11-16,0
969,2012-02-06,0
970,2021-03-02,0
971,2020-11-21,0
972,2017-06-15,0
973,2020-03-12,0
974,2017-09-12,0
975,2015-05-28,0
976,2013-10-24,0
977,2016-02-28,0
978,2015-01-14,0
979,2021-04-18,0
980,2012-01-28,0
981,2018-11-05,0
982,2012-03-07,0
983,2017-12-12,0
984,2018-09-25,0
985,2017-11-17,0
986,2019-06-17,0
987,2017-03-17,0
988,2013-07-14,0
989,2020-05-25,0
990,2014-03-22,0
991,2021-08-11,0
992,2010-09-30,0
993,2012-09-12,0
994,2017-12-26,0
995,2016-06-26,0
996,2018-11-30,0
997,2020-12-09,0
998,2020-12-05,0
999,2016-02-15,0
1000,2016-11-14,0
1001,2018-05-04,0
1002,2017-07-26,0
1003,2017-04-03,0
1004,2017-08-20,0
1005,2021-05-11,0
1006,2019-04-25,0
1007,2014-05-27,0
1008,2010-06-28,0
1009,2012-04-27,0
1010,2020-10-20,0
1011,2010-09-25,0
1012,2019-08-06,0
1013,2014-11-23,0
1014,2012-09-04,0
1015,2020-12-08,0
1016,2020-03-26,0
1017,2011-04-10,0
1018,2014-12-28,0
1019,2013-01-02,0
1020,2018-02-13,0
1021,2020-09-05,0
1022,2021-04-11,0
1023,2016-09-05,0
1024,2021-01-11,0
1025,2017-03-01,0
1026,2019-04-21,0
1027,2013-12-17,0
1028,2017-11-19,0
1029,2019-03-19,0
1030,2019-11-04,0
1031,2014-12-30,0
1032,2012-05-15,0
1033,2010-03-07,0
1034,2021-06-08,0
1035,2015-11-05,0
1036,2011-10-11,0
1037,2019-09-07,0
1038,2020-05-20,0
1039,2016-02-13,0
1040,2017-07-09,0
1041,2014-01-01,0
1042,2015-04-01,0
1043,2021-03-29,0
1044,2010-01-10,0
1045,2016-04-29,0
1046,2014-08-26,0
1047,2017-05-15,0
1048,2014-12-26,0
1049,2011-12-25,0
1050,2013-07-15,0
1051,2020-02-11,0
1052,2012-11-10,0
1053,2014-10-24,0
1054,2015-12-23,0
1055,2016-04-03,0
1056,2017-06-20,0
1057,2011-09-03,0
1058,2020-07-28,0
1059,2016-02-21,0
1060,2017-07-12,0
1061,2015-10-08,0
1062,2010-10-05,0
1063,2012-06-26,0
1064,2014-04-02,0
1065,2020-07-01,0
1066,2020-12-04,0
1067,2011-06-22,0
1068,2010-04-15,0
1069,2017-04-27,0
1070,2014-08-04,0
1071,2011-01-24,0
1072,2013-02-25,0
1073,2020-06-28,0
1074,2010-05-31,0
1075,2010-05-28,0
1076,2015-07-27,0
1077,2018-09-22,0
1078,2012-06-28,0
1079,2019-07-30,0
1080,2021-01-09,0
1081,2021-05-28,0
1082,2014-08-07,0
1083,2013-07-13,0
1084,2016-04-19,0
1085,2014-10-15,0
1086,2020-09-17,0
1087,2021-02-12,0
1088,2017-08-11,0
1089,2013-01-06,0
1090,2015-04-03,0
1091,2013-11-16,0
1092,2020-10-06,0
1093,2019-10-11,0
1094,2021-05-27,0
1095,2016-05-12,0
1096,2010-05-02,0
1097,2011-11-04,0
1098,2011-07-01,0
1099,2010-06-14,0
1100,2013-12-18,0
1101,2018-09-06,0
1102,2021-02-26,0
1103,2012-03-17,0
1104,2021-04-08,0
1105,2010-08-07,0
1106,2013-07-12,0
1107,2014-03-19,0
1108,2015-11-22,0
1109,2010-10-20,0
1110,2010-09-20,0
1111,2016-09-17,0
1112,2014-06-28,0
1113,2010-07-24,0
1114,2015-08-15,0
1115,2019-03-17,0
1116,2015-02-15,0
1117,2015-10-26,0
1118,2021-03-28,0
1119,2013-04-02,0
1120,2020-11-20,0
1121,2016-12-31,0
1122,2015-10-20,0
1123,2019-09-05,0
1124,2013-05-31,0
1125,2021-04-16,0
1126,2011-04-01,0
1127,2012-03-23,0
1128,2021-03-20,0
1129,2010-08-03,0
1130,2015-07-04,0
1131,2013-12-28,0
1132,2017-07-29,0
1133,2018-09-13,0
1134,2010-12-15,0
1135,2015-05-09,0
1136,2014-03-07,0
1137,2011-11-07,0
1138,2011-05-14,0
1139,2015-08-30,0
1140,2012-06-24,0
1141,2021-07-06,0
1142,2018-08-06,0
1143,2010-08-06,0
1144,2014-09-27,0
1145,2016-04-28,0
1146,2015-02-11,0
1147,2018-03-29,0
1148,2020-09-30,0
1149,2014-01-20,0
1150,2014-12-22,0
1151,2019-07-05,0
1152,2012-12-10,0
1153,2014-09-08,0
1154,2014-01-17,0
1155,2011-10-16,0
1156,2020-09-07,0
1157,2019-04-16,0
1158,2016-07-01,0
1159,2011-08-28,0
1160,2011-12-01,0
1161,2014-08-28,0
1162,2012-01-04,0
1163,2012-07-05,0
1164,2015-07-16,0
1165,2013-08-31,0
1166,2017-08-28,0
1167,2013-01-12,0
1168,2017-08-22,0
1169,2020-06-02,0
1170,2020-08-04,0
1171,2014-10-08,0
1172,2015-03-10,0
1173,2015-10-25,0
1174,2017-09-03,0
1175,2021-04-05,0
1176,2014-04-19,0
1177,2015-04-19,0
1178,2012-07-30,0
1179,2021-04-03,0
1180,2021-11-14,0
1181,2012-03-05,0
1182,2014-11-18,0
1183,2020-04-22,0
1184,2015-10-23,0
1185,2010-05-01,0
1186,2019-06-26,0
1187,2016-12-29,0
1188,2020-09-14,0
1189,2021-12-04,0
1190,2019-11-24,0
1191,2020-10-22,0
1192,2013-04-11,0
1193,2015-05-01,0
1194,2018-03-30,0
1195,2010-10-08,0
1196,2014-02-21,0
1197,2015-06-25,0
1198,2013-04-25,0
1199,2014-06-02,0
1200,2018-02-01,0
1201,2019-12-03,0
1202,2010-03-06,0
1203,2020-03-20,0
1204,2012-06-11,0
1205,2013-10-16,0
1206,2019-11-28,0
1207,2011-10-23,0
1208,2011-06-10,0
1209,2016-08-21,0
1210,2011-10-09,0
1211,2014-08-06,0
1212,2019-06-16,0
1213,2020-06-03,0
1214,2013-07-08,0
1215,2014-06-20,0
1216,2012-01-12,0
1217,2011-11-19,0
1218,2012-02-01,0
1219,2015-07-23,0
1220,2013-12-13,0
1221,2013-04-26,0
1222,2013-06-30,0
1223,2010-08-13,0
1224,2010-06-13,0
1225,2014-06-03,0
1226,2020-08-25,0
1227,2012-04-15,0
1228,2016-03-16,0
1229,2021-03-11,0
1230,2015-12-31,0
1231,2013-10-18,0
1232,2014-07-03,0
1233,2017-07-05,0
1234,2020-07-11,0
1235,2015-02-10,0
1236,2015-09-22,0
1237,2016-08-13,0
1238,2011-01-15,0
1239,2012-01-29,0
1240,2019-06-09,0
1241,2018-09-10,0
1242,2017-11-14,0
1243,2012-08-04,0
1244,2015-01-01,0
1245,2018-08-08,0
1246,2020-10-01,0
1247,2013-10-01,0
1248,2021-07-31,0
1249,2010-10-25,0
1250,2013-11-22,0
1251,2016-08-19,0
1252,2017-04-19,0
1253,2014-12-31,0
1254,2015-08-16,0
1255,2021-09-26,0
1256,2013-03-02,0
1257,2015-01-05,0
1258,2015-09-28,0
1259,2016-08-11,0
1260,2015-08-24,0
1261,2015-06-30,0
1262,2015-07-26,0
1263,2015-08-28,0
1264,2016-11-16,0
1265,2021-09-11,0
1266,2014-05-20,0
1267,2013-08-03,0
1268,2021-07-03,0
1269,2019-06-10,0
1270,2013-10-08,0
1271,2015-11-27,0
1272,2010-06-27,0
1273,2012-12-31,0
1274,2020-07-14,0
1275,2012-01-31,0
1276,2019-07-24,0
1277,2020-10-03,0
1278,2011-09-12,0
1279,2018-12-13,0
1280,2013-09-03,0
1281,2010-04-16,0
1282,2011-06-16,0
1283,2011-02-09,0
1284,2017-01-26,0
1285,2014-05-14,0
1286,2014-06-01,0
1287,2011-11-29,0
1288,2015-04-30,0
1289,2019-08-04,0
1290,2011-02-06,0
1291,2014-10-11,0
1292,2010-04-25,0
1293,2014-10-27,0
1294,2016-04-20,0
1295,2013-11-25,0
1296,2016-12-21,0
1297,2012-10-17,0
1298,2015-08-25,0
1299,2021-02-08,0
1300,2011-07-30,0
1301,2015-05-16,0
1302,2010-03-27,0
1303,2018-01-30,0
1304,2014-03-24,0
1305,2011-05-10,0
1306,2015-09-01,0
1307,2017-02-14,0
1308,2013-12-26,0
1309,2014-03-18,0
1310,2018-04-17,0
1311,2010-10-16,0
1312,2015-01-11,0
1313,2011-10-14,0
1314,2020-06-11,0
1315,2020-12-21,0
1316,2014-09-04,0
1317,2012-08-02,0
1318,2017-02-27,0
1319,2020-03-01,0
1320,2020-07-19,0
1321,2021-09-25,0
1322,2010-03-26,0
1323,2018-09-08,0
1324,2015-05-05,0
1325,2016-08-23,0
1326,2013-05-18,0
1327,2011-12-14,0
1328,2013-02-04,0
1329,2015-06-21,0
1330,2021-04-27,0
1331,2018-07-12,0
1332,2010-09-24,0
1333,2020-09-23,0
1334,2013-02-15,0
1335,2017-06-19,0
1336,2017-10-26,0
1337,2019-09-24,0
1338,2013-02-12,0
1339,2018-09-20,0
1340,2021-11-30,0
1341,2013-08-05,0
1342,2010-04-19,0
1343,2020-02-01,0
1344,2020-02-23,0
1345,2019-03-13,0
1346,2011-09-26,0
1347,2015-05-14,0
1348,2010-02-21,0
1349,2018-07-16,0
1350,2016-03-26,0
1351,2016-02-09,0
1352,2013-11-14,0
1353,2014-01-16,0
1354,2013-04-13,0
1355,2020-03-10,0
1356,2012-10-03,0
1357,2012-02-13,0
1358,2015-02-26,0
1359,2021-06-12,0
1360,2017-12-05,0
1361,2014-06-19,0
1362,2019-09-09,0
1363,2012-10-06,0
1364,2020-04-24,0
1365,2015-08-19,0
1366,2013-12-05,0
1367,2018-12-02,0
1368,2015-11-14,0
1369,2017-09-29,0
1370,2018-10-09,0
1371,2016-09-19,0
1372,2017-12-27,0
1373,2020-12-27,0
1374,2015-01-28,0
1375,2017-05-13,0
1376,2013-07-30,0
1377,2013-12-20,0
1378,2018-09-19,0
1379,2016-07-06,0
1380,2015-12-16,0
1381,2015-09-04,0
1382,2020-05-03,0
1383,2016-06-28,0
1384,2018-07-17,0
1385,2012-05-14,0
1386,2021-04-10,0
1387,2016-01-02,0
1388,2019-08-25,0
1389,2010-10-11,0
1390,2016-09-01,0
1391,2011-09-28,0
1392,2015-05-25,0
1393,2012-05-02,0
1394,2012-07-11,0
1395,2013-02-01,0
1396,2019-06-29,0
1397,2011-05-04,0
1398,2018-08-07,0
1399,2018-12-30,0
1400,2010-08-20,0
1401,2011-02-20,0
1402,2017-09-10,0
1403,2019-07-26,0
1404,2011-07-05,0
1405,2021-07-29,0
1406,2011-12-27,0
1407,2012-11-24,0
1408,2014-08-18,0
1409,2017-09-30,0
1410,2014-10-16,0
1411,2015-04-18,0
1412,2019-11-23,0
1413,2017-08-24,0
1414,2016-11-13,0
1415,2019-09-06,0
1416,2012-09-14,0
1417,2016-10-12,0
1418,2015-09-18,0
1419,2013-10-02,0
1420,2018-06-29,0
1421,2014-11-25,0
1422,2018-01-12,0
1423,2012-04-20,0
1424,2013-09-02,0
1425,2016-10-20,0
1426,2017-11-11,0
1427,2016-12-22,0
1428,2018-10-20,0
1429,2020-01-18,0
1430,2017-03-12,0
1431,2021-03-06,0
1432,2015-05-24,0
1433,2021-06-21,0
1434,2016-01-15,0
1435,2013-12-21,0
1436,2012-11-07,0
1437,2017-05-20,0
1438,2011-06-27,0
1439,2019-03-16,0
1440,2020-05-28,0
1441,2018-07-14,0
1442,2021-07-24,0
1443,2018-02-15,0
1444,2012-04-07,0
1445,2014-08-24,0
1446,2018-05-02,0
1447,2015-08-29,0
1448,2012-05-29,0
1449,2012-01-09,0
1450,2014-09-12,0
1451,2012-08-29,0
1452,2013-02-20,0
1453,2013-10-27,0
1454,2021-12-02,0
1455,2011-09-29,0
1456,2012-10-30,0
1457,2018-08-20,0
1458,2015-01-29,0
1459,2015-10-02,0
1460,2018-04-04,0
1461,2016-05-11,0
1462,2019-08-14,0
1463,2011-02-10,0
1464,2011-10-20,0
1465,2021-02-27,0
1466,2014-04-09,0
1467,2017-01-24,0
1468,2011-01-26,0
1469,2015-06-03,0
1470,2018-10-08,0
1471,2014-01-14,0
1472,2017-06-17,0
1473,2013-12-03,0
1474,2018-03-26,0
1475,2020-02-21,0
1476,2014-01-04,0
1477,2016-04-08,0
1478,2010-09-11,0
1479,2014-07-07,0
1480,2018-11-03,0
1481,2013-02-13,0
1482,2017-12-09,0
1483,2018-11-15,0
1484,2010-09-14,0
1485,2016-08-06,0
1486,2017-06-29,0
1487,2020-08-13,0
1488,2018-07-24,0
1489,2018-07-15,0
1490,2012-10-09,0
1491,2016-01-01,0
1492,2017-12-04,0
1493,2017-05-17,0
1494,2013-12-12,0
1495,2020-03-05,0
1496,2013-12-22,0
1497,2020-07-25,0
1498,2013-11-24,0
1499,2013-07-19,0
1500,2019-11-11,0
1501,2020-05-23,0
1502,2020-12-18,0
1503,2020-08-10,0
1504,2014-10-30,0
1505,2017-05-04,0
1506,2017-06-30,0
1507,2012-05-30,0
1508,2014-01-10,0
1509,2010-07-29,0
1510,2011-12-10,0
1511,2010-01-16,0
1512,2016-08-08,0
1513,2020-03-22,0
1514,2014-05-06,0
1515,2011-04-19,0
1516,2012-03-03,0
1517,2017-07-18,0
1518,2020-11-30,0
1519,2015-10-06,0
1520,2018-08-14,0
1521,2012-05-06,0
1522,2015-04-21,0
1523,2013-11-01,0
1524,2018-05-21,0
1525,2020-01-09,0
1526,2015-03-04,0
1527,2019-06-21,0
1528,2012-02-18,0
1529,2013-11-08,0
1530,2017-07-11,0
1531,2020-11-28,0
1532,2021-08-07,0
1533,2019-07-01,0
1534,2018-09-12,0
1535,2017-07-08,0
1536,2014-05-25,0
1537,2014-01-26,0
1538,2012-08-14,0
1539,2018-04-03,0
1540,2012-08-30,0
1541,2011-06-20,0
1542,2016-10-18,0
1543,2018-10-25,0
1544,2015-05-06,0
1545,2019-05-25,0
1546,2013-11-04,0
1547,2012-12-07,0
1548,2012-09-07,0
1549,2018-02-27,0
1550,2015-04-02,0
1551,2018-01-02,0
1552,2018-06-12,0
1553,2019-06-30,0
1554,2020-09-21,0
1555,2018-06-14,0
1556,2015-02-12,0
1557,2020-05-24,0
1558,2021-06-30,0
1559,2021-08-15,0
1560,2017-04-04,0
1561,2016-10-08,0
1562,2016-09-09,0
1563,2020-08-22,0
1564,2021-06-24,0
1565,2018-10-31,0
1566,2011-01-05,0
1567,2021-05-30,0
1568,2015-08-21,0
1569,2018-10-29,0
1570,2016-06-06,0
1571,2021-02-20,0
1572,2017-11-27,0
1573,2019-01-02,0
1574,2015-06-11,0
1575,2011-07-10,0
1576,2015-10-16,0
1577,2016-07-28,0
1578,2011-09-23,0
1579,2016-05-15,0
1580,2012-07-06,0
1581,2017-05-08,0
1582,2012-11-14,0
1583,2018-10-19,0
1584,2019-12-30,0
1585,2018-08-23,0
1586,2018-05-19,0
1587,2011-07-28,0
1588,2014-04-14,0
1589,2020-04-11,0
1590,2010-03-16,0
1591,2014-05-23,0
1592,2016-06-09,0
1593,2021-03-05,0
1594,2010-07-19,0
1595,2014-08-19,0
1596,2017-01-14,0
1597,2018-10-30,0
1598,2018-05-09,0
1599,2013-10-25,0
1600,2018-07-13,0
1601,2013-03-08,0
1602,2020-09-13,0
1603,2013-03-15,0
1604,2019-04-18,0
1605,2018-05-07,0
1606,2012-11-15,0
1607,2011-09-22,0
1608,2011-08-08,0
1609,2019-11-12,0
1610,2021-04-29,0
1611,2017-10-31,0
1612,2021-08-21,0
1613,2015-06-20,0
1614,2018-04-08,0
1615,2018-08-04,0
1616,2012-05-08,0
1617,2015-06-16,0
1618,2010-09-02,0
1619,2018-04-09,0
1620,2021-09-12,0
1621,2012-02-19,0
1622,2019-01-25,0
1623,2010-08-12,0
1624,2020-04-13,0
1625,2013-01-07,0
1626,2012-07-02,0
1627,2013-01-14,0
1628,2016-05-10,0
1629,2015-07-31,0
1630,2017-10-01,0
1631,2013-09-23,0
1632,2021-03-25,0
1633,2021-11-07,0
1634,2014-10-04,0
1635,2020-02-20,0
1636,2010-08-11,0
1637,2012-05-12,0
1638,2017-06-04,0
1639,2015-02-22,0
1640,2018-10-27,0
1641,2015-06-17,0
1642,2013-08-26,0
1643,2011-07-17,0
1644,2015-02-19,0
1645,2020-08-19,0
1646,2020-10-28,0
1647,2017-06-13,0
1648,2019-04-17,0
1649,2019-05-05,0
1650,2012-09-10,0
1651,2021-04-15,0
1652,2011-09-11,0
1653,2021-04-30,0
1654,2018-07-23,0
1655,2012-04-01,0
1656,2013-05-12,0
1657,2017-05-28,0
1658,2018-08-15,0
1659,2021-06-22,0
1660,2021-01-16,0
1661,2017-12-23,0
1662,2015-01-27,0
1663,2016-06-07,0
1664,2020-10-09,0
1665,2021-07-14,0
1666,2012-07-13,0
1667,2014-02-18,0
1668,2020-01-19,0
1669,2010-09-06,0
1670,2015-04-23,0
1671,2015-11-07,0
1672,2018-10-17,0
1673,2012-07-12,0
1674,2018-08-09,0
1675,2014-03-11,0
1676,2014-09-19,0
1677,2015-05-13,0
1678,2010-09-05,0
1679,2021-11-02,0
1680,2013-09-04,0
1681,2010-07-16,0
1682,2018-06-30,0
1683,2017-08-16,0
1684,2016-09-15,0
1685,2015-01-22,0
1686,2019-05-13,0
1687,2017-01-29,0
1688,2020-04-26,0
1689,2018-12-06,0
1690,2020-12-12,0
1691,2013-03-03,0
1692,2011-05-05,0
1693,2012-01-16,0
1694,2018-07-31,0
1695,2011-08-23,0
1696,2011-01-20,0
1697,2019-08-17,0
1698,2021-06-18,0
1699,2017-05-30,0
1700,2013-01-22,0
1701,2014-05-04,0
1702,2016-10-21,0
1703,2018-01-20,0
1704,2021-03-21,0
1705,2019-01-04,0
1706,2018-08-05,0
1707,2018-08-28,0
1708,2018-10-28,0
1709,2017-08-30,0
1710,2014-04-29,0
1711,2017-12-06,0
1712,2021-07-01,0
1713,2010-06-23,0
1714,2011-02-08,0
1715,2011-07-21,0
1716,2014-02-10,0
1717,2018-07-03,0
1718,2016-09-04,0
1719,2015-02-18,0
1720,2018-06-02,0
1721,2020-08-11,0
1722,2017-12-18,0
1723,2020-09-12,0
1724,2018-05-27,0
1725,2021-10-12,0
1726,2018-10-21,0
1727,2013-06-17,0
1728,2012-02-05,0
1729,2011-01-06,0
1730,2014-08-20,0
1731,2014-04-13,0
1732,2016-02-12,0
1733,2019-06-02,0
1734,2016-04-02,0
1735,2021-11-29,0
1736,2020-02-06,0
1737,2019-09-21,0
1738,2013-02-27,0
1739,2010-06-22,0
1740,2011-08-20,0
1741,2020-12-23,0
1742,2018-01-28,0
1743,2014-05-17,0
1744,2017-06-21,0
1745,2021-07-23,0
1746,2013-02-14,0
1747,2019-06-13,0
1748,2021-03-01,0
1749,2012-11-26,0
1750,2014-07-20,0
1751,2017-06-03,0
1752,2011-01-17,0
1753,2021-04-17,0
1754,2021-10-01,0
1755,2014-11-08,0
1756,2016-07-18,0
1757,2012-06-10,0
1758,2010-10-26,0
1759,2020-07-08,0
1760,2021-05-06,0
1761,2011-08-31,0
1762,2016-02-07,0
1763,2021-09-22,0
1764,2010-11-04,0
1765,2017-04-29,0
1766,2014-01-03,0
1767,2015-02-03,0
1768,2021-05-10,0
1769,2015-09-06,0
1770,2019-10-18,0
1771,2015-06-06,0
1772,2012-04-02,0
1773,2017-05-23,0
1774,2018-06-25,0
1775,2019-07-06,0
1776,2020-01-07,0
1777,2012-05-10,0
1778,2016-11-02,0
1779,2016-06-11,0
1780,2011-11-25,0
1781,2021-01-23,0
1782,2011-07-29,0
1783,2016-09-03,0
1784,2016-04-07,0
1785,2011-07-26,0
1786,2020-04-12,0
1787,2016-11-03,0
1788,2013-03-13,0
1789,2015-10-10,0
1790,2021-12-05,0
1791,2020-09-06,0
1792,2019-03-15,0
1793,2013-05-20,0
1794,2011-06-18,0
1795,2017-04-01,0
1796,2015-06-12,0
1797,2015-09-13,0
1798,2014-09-21,0
1799,2017-11-24,0
1800,2011-03-31,0
1801,2018-02-07,0
1802,2011-10-21,0
1803,2016-12-25,0
1804,2010-02-15,0
1805,2014-08-01,0
1806,2016-03-15,0
1807,2015-01-12,0
1808,2018-07-11,0
1809,2017-09-06,0
1810,2018-01-23,0
1811,2011-09-10,0
1812,2020-09-08,0
1813,2021-06-25,0
1814,2016-12-27,0
1815,2010-08-05,0
1816,2017-06-25,0
1817,2016-02-18,0
1818,2020-04-17,0
1819,2021-04-01,0
1820,2012-09-30,0
1821,2013-11-27,0
1822,2011-01-07,0
1823,2011-03-01,0
1824,2016-10-04,0
1825,2016-07-19,0
1826,2010-06-08,0
1827,2012-05-11,0
1828,2021-07-04,0
1829,2017-12-08,0
1830,2013-04-27,0
1831,2020-01-29,0
1832,2019-04-12,0
1833,2018-08-30,0
1834,2016-12-19,0
1835,2018-09-21,0
1836,2014-11-16,0
1837,2012-12-06,0
1838,2021-02-16,0
1839,2014-03-23,0
1840,2020-06-08,0
1841,2012-08-21,0
1842,2017-10-03,0
1843,2021-05-13,0
1844,2015-11-19,0
1845,2015-09-03,0
1846,2015-04-17,0
1847,2020-03-04,0
1848,2013-08-21,0
1849,2018-11-19,0
1850,2014-08-15,0
1851,2017-04-05,0
1852,2011-02-13,0
1853,2012-10-01,0
1854,2011-07-20,0
1855,2021-08-03,0
1856,2010-11-26,0
1857,2017-10-10,0
1858,2021-08-19,0
1859,2017-12-07,0
1860,2013-03-23,0
1861,2019-08-03,0
1862,2014-01-09,0
1863,2010-07-18,0
1864,2019-10-01,0
1865,2015-12-25,0
1866,2017-09-24,0
1867,2013-05-26,0
1868,2017-05-27,0
1869,2019-07-23,0
1870,2021-05-31,0
1871,2011-09-21,0
1872,2010-07-10,0
1873,2012-02-27,0
1874,2015-01-02,0
1875,2015-01-19,0
1876,2015-10-11,0
1877,2013-12-27,0
1878,2014-11-07,0
1879,2015-01-08,0
1880,2016-07-24,0
1881,2020-12-06,0
1882,2013-10-31,0
1883,2020-10-14,0
1884,2011-05-19,0
1885,2015-07-18,0
1886,2017-07-15,0
1887,2019-11-25,0
1888,2016-04-18,0
1889,2021-03-04,0
1890,2019-09-23,0
1891,2018-12-03,0
1892,2016-06-25,0
1893,2014-01-22,0
1894,2014-06-12,0
1895,2014-06-14,0
1896,2019-07-31,0
1897,2015-02-01,0
1898,2020-01-06,0
1899,2014-06-10,0
1900,2021-11-23,0
1901,2016-12-28,0
1902,2015-02-24,0
1903,2013-07-09,0
1904,2016-12-11,0
1905,2010-07-08,0
1906,2014-06-30,0
1907,2011-12-16,0
1908,2021-11-08,0
1909,2013-04-21,0
1910,2013-06-01,0
1911,2019-02-22,0
1912,2015-05-08,0
1913,2021-11-03,0
1914,2020-05-08,0
1915,2017-08-29,0
1916,2021-06-17,0
1917,2011-12-21,0
1918,2016-04-17,0
1919,2016-11-01,0
1920,2014-04-05,0
1921,2013-06-13,0
1922,2011-05-13,0
1923,2014-07-15,0
1924,2015-06-18,0
1925,2014-07-13,0
1926,2015-08-20,0
1927,2017-01-27,0
1928,2016-08-05,0
1929,2017-10-02,0
1930,2020-08-08,0
1931,2020-09-10,0
1932,2020-10-07,0
1933,2020-02-07,0
1934,2021-09-28,0
1935,2015-03-08,0
1936,2018-09-05,0
1937,2011-06-07,0
1938,2013-10-12,0
1939,2016-02-23,0
1940,2018-10-23,0
1941,2019-10-09,0
1942,2017-07-16,0
1943,2016-12-04,0
1944,2010-08-04,0
1945,2015-02-20,0
1946,2012-08-07,0
1947,2020-07-30,0
1948,2019-06-03,0
1949,2021-08-23,0
1950,2013-05-24,0
1951,2010-02-18,0
1952,2019-12-08,0
1953,2012-08-17,0
1954,2018-05-29,0
1955,2015-02-14,0
1956,2012-07-15,0
1957,2012-01-07,0
1958,2011-08-10,0
1959,2011-10-30,0
1960,2019-01-29,0
1961,2011-03-04,0
1962,2020-02-22,0
1963,2013-09-05,0
1964,2021-05-23,0
1965,2015-08-06,0
1966,2018-05-18,0
1967,2017-04-30,0
1968,2019-11-01,0
1969,2017-09-26,0
1970,2011-12-03,0
1971,2011-02-11,0
1972,2016-12-03,0
1973,2018-05-20,0
1974,2010-02-08,0
1975,2013-12-02,0
1976,2021-01-14,0
1977,2013-06-04,0
1978,2013-03-12,0
1979,2011-02-27,0
1980,2010-08-31,0
1981,2019-11-15,0
1982,2011-10-31,0
1983,2014-04-06,0
1984,2021-09-07,0
1985,2019-10-04,0
1986,2018-09-07,0
1987,2021-05-16,0
1988,2019-06-05,0
1989,2010-04-30,0
1990,2019-05-07,0
1991,2013-07-18,0
1992,2012-10-15,0
1993,2013-11-02,0
1994,2021-02-28,0
1995,2014-06-15,0
1996,2018-03-11,0
1997,2016-08-20,0
1998,2019-09-10,0
1999,2015-09-10,0
2000,2012-05-24,0
2001,2018-06-16,0
2002,2012-06-12,0
2003,2013-07-04,0
2004,2017-12-10,0
2005,2019-08-18,0
2006,2014-09-01,0
2007,2017-07-13,0
2008,2018-06-08,0
2009,2017-10-28,0
2010,2013-04-14,0
2011,2016-10-11,0
2012,2012-01-03,0
2013,2020-09-11,0
2014,2014-10-26,0
2015,2015-09-05,0
2016,2012-11-25,0
2017,2015-06-27,0
2018,2012-07-08,0
2019,2018-06-15,0
2020,2019-07-21,0
2021,2021-06-19,0
2022,2012-11-12,0
2023,2017-09-19,0
2024,2014-09-23,0
2025,2021-06-04,0
2026,2010-09-29,0
2027,2017-07-28,0
2028,2011-09-04,0
2029,2018-11-02,0
2030,2019-08-11,0
2031,2011-08-12,0
2032,2013-08-14,0
2033,2021-06-26,0
2034,2013-10-11,0
2035,2020-06-26,0
2036,2017-01-11,0
2037,2011-09-01,0
2038,2012-04-09,0
2039,2017-07-03,0
2040,2015-03-27,0
2041,2020-03-19,0
2042,2020-07-03,0
2043,2013-07-31,0
2044,2011-06-19,0
2045,2010-07-30,0
2046,2011-02-07,0
2047,2021-06-03,0
2048,2010-05-16,0
2049,2019-05-02,0
2050,2015-08-27,0
2051,2011-05-12,0
2052,2017-05-10,0
2053,2018-05-24,0
2054,2020-10-16,0
2055,2020-05-26,0
2056,2010-08-10,0
2057,2010-06-25,0
2058,2019-09-15,0
2059,2018-02-16,0
2060,2010-03-22,0
2061,2014-11-26,0
2062,2021-05-25,0
2063,2013-04-24,0
2064,2018-07-02,0
2065,2013-03-01,0
2066,2014-06-24,0
2067,2020-04-01,0
2068,2013-10-14,0
2069,2017-07-30,0
2070,2021-08-17,0
2071,2019-01-14,0
2072,2011-08-21,0
2073,2011-10-02,0
2074,2012-01-02,0
2075,2010-07-04,0
2076,2017-10-30,0
2077,2013-06-02,0
2078,2010-07-12,0
2079,2017-10-15,0
2080,2016-08-04,0
2081,2016-08-03,0
2082,2021-03-07,0
2083,2017-02-23,0
2084,2017-06-16,0
2085,2015-11-23,0
2086,2012-10-18,0
2087,2014-05-16,0
2088,2014-10-05,0
2089,2013-05-14,0
2090,2011-10-24,0
2091,2010-01-04,0
2092,2013-10-06,0
2093,2017-12-30,0
2094,2021-11-20,0
2095,2020-05-15,0
2096,2016-02-04,0
2097,2021-07-26,0
2098,2010-02-09,0
2099,2020-06-16,0
2100,2012-02-08,0
2101,2013-12-09,0
2102,2013-10-13,0
2103,2012-10-16,0
2104,2019-08-24,0
2105,2018-06-21,0
2106,2017-05-12,0
2107,2013-12-31,0
2108,2013-04-29,0
2109,2010-08-18,0
2110,2012-08-08,0
2111,2014-09-07,0
2112,2015-07-08,0
2113,2017-08-13,0
2114,2014-03-08,0
2115,2020-09-25,0
2116,2013-03-25,0
2117,2020-07-04,0
2118,2015-07-19,0
2119,2017-08-01,0
2120,2018-01-01,0
2121,2018-06-11,0
2122,2017-06-27,0
2123,2016-01-25,0
2124,2020-10-24,0
2125,2014-01-13,0
2126,2015-09-07,0
2127,2016-05-28,0
2128,2012-07-23,0
2129,2014-05-22,0
2130,2015-09-09,0
2131,2017-06-01,0
2132,2021-11-13,0
2133,2011-04-27,0
2134,2017-04-15,0
2135,2016-06-22,0
2136,2019-06-18,0
2137,2014-06-13,0
2138,2012-02-12,0
2139,2010-04-08,0
2140,2013-08-02,0
2141,2013-08-10,0
2142,2016-02-20,0
2143,2011-05-23,0
2144,2020-04-30,0
2145,2017-12-03,0
2146,2010-10-21,0
2147,2015-03-01,0
2148,2019-10-13,0
2149,2018-08-13,0
2150,2012-11-11,0
2151,2014-02-17,0
2152,2014-08-23,0
2153,2014-05-28,0
2154,2013-08-13,0
2155,2020-03-21,0
2156,2020-10-29,0
2157,2015-08-26,0
2158,2011-08-14,0
2159,2017-10-14,0
2160,2012-09-17,0
2161,2017-12-21,0
2162,2020-10-31,0
2163,2016-07-11,0
2164,2013-06-07,0
2165,2013-11-17,0
2166,2021-08-10,0
2167,2017-06-02,0
2168,2021-09-01,0
2169,2017-10-18,0
2170,2017-08-15,0
2171,2011-12-08,0
2172,2011-10-12,0
2173,2020-08-07,0
2174,2013-07-26,0
2175,2011-08-17,0
2176,2013-01-01,0
2177,2018-12-07,0
2178,2019-12-31,0
2179,2021-02-18,0
2180,2012-06-16,0
2181,2016-07-08,0
2182,2012-08-09,0
2183,2016-08-16,0
2184,2019-10-05,0
2185,2012-12-13,0
2186,2011-04-16,0
2187,2017-12-17,0
2188,2010-06-05,0
2189,2019-08-12,0
2190,2019-11-17,0
2191,2010-09-23,0
2192,2012-09-24,0
2193,2014-06-05,0
2194,2012-05-09,0
2195,2016-11-04,0
2196,2015-05-04,0
2197,2019-03-31,0
2198,2010-06-18,0
2199,2017-10-22,0
2200,2020-04-15,0
2201,2018-06-27,0
2202,2020-11-03,0
2203,2020-11-01,0
2204,2017-09-16,0
2205,2017-10-09,0
2206,2011-10-07,0
2207,2016-08-09,0
2208,2019-05-12,0
2209,2020-06-25,0
2210,2012-09-28,0
2211,2012-05-28,0
2212,2014-07-25,0
2213,2017-06-26,0
2214,2014-11-17,0
2215,2018-07-29,0
2216,2017-10-29,0
2217,2015-08-12,0
2218,2011-03-14,0
2219,2016-08-24,0
2220,2010-05-15,0
2221,2014-05-15,0
2222,2013-11-11,0
2223,2021-05-03,0
2224,2020-12-10,0
2225,2014-06-06,0
2226,2013-09-26,0
2227,2014-09-13,0
2228,2016-08-22,0
2229,2014-04-10,0
2230,2010-07-05,0
2231,2014-09-03,0
2232,2011-09-08,0
2233,2016-05-09,0
2234,2011-06-25,0
2235,2021-03-31,0
2236,2019-10-03,0
2237,2018-08-18,0
2238,2016-12-05,0
2239,2012-01-15,0
2240,2011-07-24,0
2241,2011-09-06,0
2242,2015-03-25,0
2243,2012-04-23,0
2244,2019-08-07,0
2245,2016-11-18,0
2246,2010-11-08,0
2247,2019-10-12,0
2248,2021-07-11,0
2249,2019-12-15,0
2250,2019-11-18,0
2251,2013-05-25,0
2252,2018-12-11,0
2253,2010-02-17,0
2254,2018-02-02,0
2255,2017-10-06,0
2256,2021-05-19,0
2257,2014-05-03,0
2258,2015-01-09,0
2259,2014-01-30,0
2260,2018-08-12,0
2261,2011-11-14,0
2262,2015-04-04,0
2263,2017-04-08,0
2264,2018-11-06,0
2265,2020-06-23,0
2266,2021-06-01,0
2267,2021-08-09,0
2268,2013-04-23,0
2269,2010-11-06,0
2270,2012-10-29,0
2271,2011-09-02,0
2272,2015-01-23,0
2273,2010-12-30,0
2274,2013-08-17,0
2275,2019-04-30,0
2276,2015-11-03,0
2277,2019-06-19,0
2278,2011-12-11,0
2279,2015-09-19,0
2280,2017-08-21,0
2281,2019-09-04,0
2282,2010-08-09,0
2283,2015-02-17,0
2284,2014-01-31,0
2285,2021-02-07,0
2286,2018-11-10,0
2287,2012-10-11,0
2288,2012-06-03,0
2289,2020-07-16,0
2290,2011-09-16,0
2291,2014-11-04,0
2292,2018-04-02,0
2293,2012-08-28,0
2294,2019-10-26,0
2295,2017-10-07,0
2296,2011-10-25,0
2297,2020-10-27,0
2298,2013-08-25,0
2299,2014-09-10,0
2300,2019-11-05,0
2301,2016-07-25,0
2302,2014-06-09,0
2303,2017-11-06,0
2304,2010-07-21,0
2305,2021-10-14,0
2306,2012-11-09,0
2307,2014-05-11,0
2308,2017-02-26,0
2309,2012-07-29,0
2310,2018-06-07,0
2311,2014-08-02,0
2312,2012-04-21,0
2313,2013-03-16,0
2314,2014-03-12,0
2315,2014-09-09,0
2316,2019-08-30,0
2317,2013-03-18,0
2318,2021-01-21,0
2319,2010-03-20,0
2320,2012-01-08,0
2321,2011-07-06,0
2322,2019-01-24,0
2323,2016-01-26,0
2324,2018-07-19,0
2325,2011-06-21,0
2326,2020-05-04,0
2327,2016-06-24,0
2328,2021-12-17,0
2329,2013-01-16,0
2330,2015-03-23,0
2331,2013-06-29,0
2332,2014-08-29,0
2333,2014-07-23,0
2334,2014-04-17,0
2335,2012-06-15,0
2336,2011-07-15,0
2337,2011-06-09,0
2338,2015-03-13,0
2339,2016-02-06,0
2340,2019-04-29,0
2341,2017-08-14,0
2342,2014-08-09,0
2343,2010-09-13,0
2344,2017-10-04,0
2345,2018-11-20,0
2346,2019-08-23,0
2347,2020-09-18,0
2348,2010-07-20,0
2349,2018-06-13,0
2350,2015-10-14,0
2351,2011-09-19,0
2352,2012-07-27,0
2353,2015-08-22,0
2354,2017-09-25,0
2355,2017-01-06,0
2356,2012-03-02,0
2357,2019-04-23,0
2358,2020-02-17,0
2359,2021-03-27,0
2360,2020-12-07,0
2361,2017-06-06,0
2362,2019-06-15,0
2363,2021-10-11,0
2364,2019-06-07,0
2365,2019-04-28,0
2366,2012-08-15,0
2367,2014-04-22,0
2368,2013-10-15,0
2369,2017-07-22,0
2370,2020-11-25,0
2371,2021-11-21,0
2372,2016-10-05,0
2373,2012-12-03,0
2374,2019-01-31,0
2375,2011-12-29,0
2376,2017-03-08,0
2377,2019-12-09,0
2378,2010-07-13,0
2379,2010-07-06,0
2380,2013-10-10,0
2381,2013-10-22,0
2382,2019-08-08,0
2383,2014-01-15,0
2384,2017-04-22,0
2385,2019-07-07,0
2386,2014-11-24,0
2387,2019-07-08,0
2388,2015-07-02,0
2389,2015-09-29,0
2390,2021-04-23,0
2391,2014-11-11,0
2392,2012-01-13,0
2393,2013-08-18,0
2394,2017-01-28,0
2395,2021-06-05,0
2396,2012-12-27,0
2397,2021-04-07,0
2398,2014-08-14,0
2399,2011-08-13,0
2400,2011-11-27,0
2401,2013-04-09,0
2402,2018-03-18,0
2403,2013-12-23,0
2404,2012-03-12,0
2405,2017-05-09,0
2406,2020-02-03,0
2407,2018-10-13,0
2408,2016-04-21,0
2409,2010-03-17,0
2410,2012-09-05,0
2411,2014-08-10,0
2412,2020-06-27,0
2413,2015-05-11,0
2414,2018-07-28,0
2415,2012-08-19,0
2416,2015-11-28,0
2417,2016-06-04,0
2418,2010-06-11,0
2419,2017-05-25,0
2420,2013-10-09,0
2421,2012-09-13,0
2422,2020-07-24,0
2423,2016-02-19,0
2424,2018-09-17,0
2425,2012-02-02,0
2426,2019-08-16,0
2427,2011-08-05,0
2428,2011-02-22,0
2429,2011-01-19,0
2430,2012-08-23,0
2431,2013-02-26,0
2432,2020-12-29,0
2433,2017-07-14,0
2434,2011-12-07,0
2435,2012-09-15,0
2436,2017-10-13,0
2437,2010-06-19,0
2438,2011-08-24,0
2439,2016-06-21,0
2440,2021-07-28,0
2441,2020-12-14,0
2442,2011-06-17,0
2443,2013-12-10,0
2444,2010-02-16,0
2445,2020-06-14,0
2446,2012-07-03,0
2447,2015-08-11,0
2448,2020-10-05,0
2449,2021-05-05,0
2450,2010-09-17,0
2451,2020-11-27,0
2452,2011-06-30,0
2453,2015-05-03,0
2454,2020-07-23,0
2455,2017-06-23,0
2456,2011-10-13,0
2457,2020-04-21,0
2458,2018-02-03,0
2459,2015-04-20,0
2460,2013-05-19,0
2461,2018-11-12,0
2462,2010-09-10,0
2463,2017-09-21,0
2464,2015-08-17,0
2465,2016-10-06,0
2466,2013-01-03,0
2467,2020-08-31,0
2468,2018-11-04,0
2469,2018-07-26,0
2470,2019-06-06,0
2471,2021-11-22,0
2472,2015-08-04,0
2473,2018-06-03,0
2474,2011-12-20,0
2475,2016-04-26,0
2476,2018-06-06,0
2477,2018-09-18,0
2478,2013-05-28,0
2479,2015-11-26,0
2480,2012-03-10,0
2481,2012-04-03,0
2482,2016-05-16,0
2483,2016-07-04,0
2484,2018-02-06,0
2485,2014-11-10,0
2486,2018-06-28,0
2487,2011-09-17,0
2488,2016-08-12,0
2489,2015-05-29,0
2490,2017-09-18,0
2491,2021-04-13,0
2492,2019-09-26,0
2493,2017-10-05,0
2494,2012-09-25,0
2495,2014-07-30,0
2496,2014-12-25,0
2497,2016-04-30,0
2498,2011-01-28,0
2499,2014-01-02,0
2500,2018-04-26,0
2501,2010-01-31,0
2502,2019-06-20,0
2503,2016-09-18,0
2504,2012-07-28,0
2505,2018-10-14,0
2506,2021-07-05,0
2507,2017-08-08,0
2508,2013-06-06,0
2509,2019-02-18,0
2510,2011-06-14,0
2511,2018-10-22,0
2512,2019-01-26,0
2513,2019-11-22,0
2514,2018-03-27,0
2515,2017-04-23,0
2516,2014-01-23,0
2517,2010-08-24,0
2518,2015-03-18,0
2519,2017-07-04,0
2520,2017-03-11,0
2521,2017-08-05,0
2522,2011-08-04,0
2523,2012-12-18,0
2524,2010-04-18,0
2525,2014-02-25,0
2526,2014-05-18,0
2527,2019-11-08,0
2528,2019-10-28,0
2529,2014-08-31,0
2530,2015-01-04,0
2531,2017-05-03,0
2532,2013-03-21,0
2533,2011-10-22,0
2534,2015-08-18,0
2535,2014-05-07,0
2536,2014-04-18,0
2537,2016-02-22,0
2538,2021-02-05,0
2539,2018-08-27,0
2540,2021-09-21,0
2541,2013-05-29,0
2542,2019-12-10,0
2543,2018-08-24,0
2544,2020-08-01,0
2545,2020-07-22,0
2546,2014-08-08,0
2547,2015-06-02,0
2548,2018-12-27,0
2549,2015-06-05,0
2550,2013-02-22,0
2551,2017-04-10,0
2552,2018-07-20,0
2553,2019-08-29,0
2554,2013-02-24,0
2555,2014-08-17,0
2556,2013-09-01,0
2557,2015-09-23,0
2558,2019-09-11,0
2559,2021-01-05,0
2560,2010-07-03,0
2561,2013-05-21,0
2562,2019-07-29,0
2563,2014-09-30,0
2564,2012-05-23,0
2565,2020-04-29,0
2566,2021-01-25,0
2567,2018-08-02,0
2568,2011-07-13,0
2569,2015-11-20,0
2570,2021-07-09,0
2571,2011-05-21,0
2572,2020-01-30,0
2573,2020-05-22,0
2574,2017-01-05,0
2575,2015-06-23,0
2576,2017-11-01,0
2577,2012-02-16,0
2578,2012-01-14,0
2579,2011-08-22,0
2580,2014-05-26,0
2581,2017-06-14,0
2582,2012-01-11,0
2583,2015-02-25,0
2584,2013-09-20,0
2585,2019-03-30,0
2586,2020-04-23,0
2587,2018-08-10,0
2588,2012-08-05,0
2589,2015-01-10,0
2590,2018-02-19,0
2591,2019-04-27,0
2592,2014-05-09,0
2593,2015-07-22,0
2594,2013-05-22,0
2595,2014-07-17,0
2596,2018-05-01,0
2597,2021-03-23,0
2598,2011-02-04,0
2599,2016-09-07,0
2600,2019-08-27,0
2601,2018-09-24,0
2602,2015-03-21,0
2603,2017-06-10,0
2604,2013-01-08,0
2605,2021-12-03,0
2606,2014-01-28,0
2607,2017-03-27,0
2608,2014-04-16,0
2609,2019-04-09,0
2610,2012-01-10,0
2611,2021-08-08,0
2612,2010-11-15,0
2613,2013-02-11,0
2614,2011-01-22,0
2615,2012-06-09,0
2616,2014-07-26,0
2617,2021-05-12,0
2618,2021-08-26,0
2619,2014-07-10,0
2620,2014-10-19,0
2621,2020-10-13,0
2622,2021-01-17,0
2623,2019-10-23,0
2624,2020-09-19,0
2625,2013-12-04,0
2626,2013-07-22,0
2627,2011-05-20,0
2628,2011-11-02,0
2629,2017-08-12,0
2630,2020-07-12,0
2631,2021-09-05,0
2632,2020-02-10,0
2633,2016-08-14,0
2634,2013-05-11,0
2635,2019-05-06,0
2636,2015-08-10,0
2637,2021-10-08,0
2638,2018-02-12,0
2639,2012-10-20,0
2640,2019-05-14,0
2641,2012-09-23,0
2642,2011-11-26,0
2643,2019-10-07,0
2644,2018-09-14,0
2645,2014-07-04,0
2646,2012-06-08,0
2647,2014-11-05,0
2648,2018-12-28,0
2649,2012-09-22,0
2650,2014-05-02,0
2651,2014-11-03,0
2652,2011-09-14,0
2653,2015-08-01,0
2654,2010-08-08,0
2655,2013-08-23,0
2656,2019-10-15,0
2657,2020-09-04,0
2658,2015-07-11,0
2659,2010-06-12,0
2660,2017-08-19,0
2661,2019-05-01,0
2662,2018-10-05,0
2663,2014-02-20,0
2664,2013-11-03,0
2665,2011-06-24,0
2666,2012-01-30,0
2667,2018-12-21,0
2668,2014-10-21,0
2669,2012-07-14,0
2670,2016-06-14,0
2671,2013-07-05,0
2672,2011-08-29,0
2673,2020-10-17,0
2674,2013-02-05,0
2675,2012-05-18,0
2676,2016-09-29,0
2677,2020-08-20,0
2678,2020-06-19,0
2679,2012-07-26,0
2680,2012-03-08,0
2681,2015-12-14,0
2682,2013-04-17,0
2683,2018-09-02,0
2684,2017-03-14,0
2685,2016-05-01,0
2686,2013-01-21,0
2687,2021-06-27,0
2688,2012-12-24,0
2689,2018-04-14,0
2690,2012-03-06,0
2691,2017-10-16,0
2692,2021-06-06,0
2693,2015-02-21,0
2694,2010-07-23,0
2695,2016-04-15,0
2696,2010-07-02,0
2697,2017-07-10,0
2698,2018-01-31,0
2699,2020-07-10,0
2700,2016-10-19,0
2701,2021-08-18,0
2702,2012-10-02,0
2703,2016-11-29,0
2704,2020-05-06,0
2705,2010-03-10,0
2706,2016-05-26,0
2707,2016-07-05,0
2708,2017-11-29,0
2709,2018-12-25,0
2710,2018-05-14,0
2711,2019-12-27,0
2712,2014-08-13,0
2713,2013-02-06,0
2714,2015-03-30,0
2715,2011-05-01,0
2716,2020-05-07,0
2717,2018-06-10,0
2718,2010-05-04,0
2719,2011-01-02,0
2720,2015-02-27,0
2721,2012-05-22,0
2722,2021-08-30,0
2723,2018-09-26,0
2724,2015-07-21,0
2725,2019-06-11,0
2726,2010-09-07,0
2727,2015-12-29,0
2728,2010-09-27,0
2729,2011-10-29,0
2730,2016-08-25,0
2731,2014-04-07,0
2732,2011-08-25,0
2733,2014-06-08,0
2734,2013-09-18,0
2735,2014-10-07,0
2736,2010-03-15,0
2737,2010-11-28,0
2738,2011-12-31,0
2739,2015-09-25,0
2740,2012-08-13,0
2741,2015-09-26,0
2742,2011-07-11,0
2743,2013-10-04,0
2744,2013-10-20,0
2745,2021-11-11,0
2746,2018-07-10,0
2747,2021-09-13,0
2748,2013-01-19,0
2749,2013-05-15,0
2750,2018-06-22,0
2751,2020-08-09,0
2752,2015-12-26,0
2753,2018-09-28,0
2754,2019-08-02,0
2755,2014-09-29,0
2756,2015-03-12,0
2757,2017-08-04,0
2758,2013-11-23,0
2759,2020-05-10,0
2760,2019-09-28,0
2761,2012-11-22,0
2762,2021-01-20,0
2763,2019-06-27,0
2764,2010-05-05,0
2765,2011-04-14,0
2766,2010-05-23,0
2767,2019-09-01,0
2768,2020-07-18,0
2769,2016-09-11,0
2770,2010-02-28,0
2771,2017-03-25,0
2772,2012-02-21,0
2773,2011-08-06,0
2774,2013-02-09,0
2775,2012-09-06,0
2776,2015-09-02,0
2777,2020-06-05,0
2778,2014-01-24,0
2779,2017-04-25,0
2780,2013-10-05,0
2781,2020-02-12,0
2782,2012-09-02,0
2783,2012-07-25,0
2784,2010-06-24,0
2785,2015-10-21,0
2786,2013-09-15,0
2787,2015-09-17,0
2788,2013-03-09,0
2789,2011-06-13,0
2790,2012-08-25,0
2791,2010-08-02,0
2792,2013-02-10,0
2793,2011-09-18,0
2794,2014-07-18,0
2795,2014-11-06,0
2796,2016-12-30,0
2797,2016-08-30,0
2798,2017-02-11,0
2799,2019-08-20,0
2800,2020-06-30,0
2801,2013-07-29,0
2802,2016-08-07,0
2803,2020-10-12,0
2804,2018-11-17,0
2805,2019-10-10,0
2806,2011-04-03,0
2807,2016-02-24,0
2808,2012-07-10,0
2809,2015-07-05,0
2810,2012-05-21,0
2811,2018-12-12,0
2812,2010-10-15,0
2813,2013-09-27,0
2814,2019-11-09,0
2815,2018-07-01,0
2816,2012-10-13,0
2817,2016-01-10,0
2818,2016-12-02,0
2819,2017-06-05,0
2820,2020-07-15,0
2821,2015-01-20,0
2822,2015-03-17,0
2823,2016-07-26,0
2824,2021-01-10,0
2825,2011-05-03,0
2826,2013-07-27,0
2827,2019-09-14,0
2828,2021-08-12,0
2829,2015-06-22,0
2830,2013-06-03,0
2831,2014-09-06,0
2832,2015-07-29,0
2833,2013-12-11,0
2834,2013-01-30,0
2835,2021-11-28,0
2836,2021-09-03,0
2837,2013-12-08,0
2838,2015-07-15,0
2839,2021-04-19,0
2840,2015-10-04,0
2841,2021-04-21,0
2842,2021-09-10,0
2843,2012-02-24,0
2844,2018-03-07,0
2845,2017-08-18,0
2846,2015-05-23,0
2847,2018-08-03,0
2848,2010-05-14,0
2849,2019-01-30,0
2850,2010-06-17,0
2851,2017-07-27,0
2852,2012-10-08,0
2853,2019-05-29,0
2854,2017-02-12,0
2855,2021-11-17,0
2856,2020-03-13,0
2857,2021-10-29,0
2858,2014-02-05,0
2859,2010-03-11,0
2860,2017-05-01,0
2861,2018-11-07,0
2862,2012-09-20,0
2863,2015-02-23,0
2864,2013-05-13,0
2865,2015-07-12,0
2866,2017-12-11,0
2867,2020-07-31,0
2868,2014-07-01,0
2869,2013-05-02,0
2870,2016-09-26,0
2871,2017-08-02,0
2872,2011-07-23,0
2873,2021-05-20,0
2874,2021-08-22,0
2875,2011-03-29,0
2876,2010-09-22,0
2877,2011-08-01,0
2878,2021-05-04,0
2879,2012-05-05,0
2880,2021-09-02,0
2881,2016-12-24,0
2882,2012-06-01,0
2883,2013-08-11,0
2884,2021-10-15,0
2885,2011-11-16,0
2886,2012-11-03,0
2887,2010-10-13,0
2888,2015-10-19,0
2889,2016-06-12,0
2890,2017-09-01,0
2891,2016-02-25,0
2892,2018-12-10,0
2893,2019-01-12,0
2894,2020-10-30,0
2895,2016-07-30,0
2896,2017-08-03,0
2897,2010-12-31,0
2898,2012-01-25,0
2899,2019-09-13,0
2900,2017-09-27,0
2901,2018-10-24,0
2902,2018-02-05,0
2903,2010-03-13,0
2904,2018-02-17,0
2905,2021-05-08,0
2906,2013-07-02,0
2907,2021-03-22,0
2908,2018-05-22,0
2909,2018-07-21,0
2910,2021-03-16,0
2911,2012-06-13,0
2912,2015-06-08,0
2913,2015-09-27,0
2914,2019-07-10,0
2915,2021-09-04,0
2916,2012-07-20,0
2917,2018-01-14,0
2918,2014-10-18,0
2919,2019-11-13,0
2920,2011-12-13,0
2921,2021-03-26,0
2922,2010-04-24,0
2923,2013-11-07,0
2924,2018-12-08,0
2925,2019-06-24,0
2926,2015-01-24,0
2927,2015-03-03,0
2928,2021-08-20,0
2929,2010-09-26,0
2930,2015-07-01,0
2931,2014-02-23,0
2932,2020-07-09,0
2933,2020-09-26,0
2934,2013-06-15,0
2935,2019-11-29,0
2936,2020-02-25,0
2937,2020-08-27,0
2938,2014-12-07,0
2939,2016-04-25,0
2940,2017-04-21,0
2941,2013-03-07,0
2942,2010-08-14,0
2943,2011-04-12,0
2944,2016-07-21,0
2945,2019-08-05,0
2946,2010-11-01,0
2947,2014-11-15,0
2948,2012-12-19,0
2949,2014-03-13,0
2950,2014-04-23,0
2951,2021-08-25,0
2952,2015-04-09,0
2953,2012-11-02,0
2954,2021-07-08,0
2955,2019-08-31,0
2956,2017-09-05,0
2957,2017-04-20,0
2958,2020-12-22,0
2959,2017-12-14,0
2960,2019-10-08,0
2961,2010-02-07,0
2962,2019-07-13,0
2963,2015-11-13,0
2964,2018-08-25,0
2965,2013-09-16,0
2966,2014-06-29,0
2967,2016-03-23,0
2968,2020-08-29,0
2969,2014-10-09,0
2970,2016-06-01,0
2971,2017-11-07,0
2972,2020-10-18,0
2973,2016-07-09,0
2974,2018-01-06,0
2975,2017-03-23,0
2976,2014-04-15,0
2977,2016-12-17,0
2978,2015-04-08,0
2979,2016-11-17,0
2980,2013-11-26,0
2981,2015-09-20,0
2982,2017-05-18,0
2983,2014-06-22,0
2984,2017-04-02,0
2985,2021-08-31,0
2986,2018-03-06,0
2987,2018-09-16,0
2988,2017-07-17,0
2989,2018-09-29,0
2990,2020-05-29,0
2991,2021-06-07,0
2992,2021-04-14,0
2993,2012-11-01,0
2994,2019-09-03,0
2995,2017-03-16,0
2996,2019-09-02,0
2997,2010-07-17,0
2998,2011-10-28,0
2999,2020-12-03,0
3000,2011-07-22,0
3001,2015-03-28,0
3002,2013-06-09,0
3003,2012-07-18,0
3004,2012-08-24,0
3005,2011-12-05,0
3006,2019-06-12,0
3007,2014-05-12,0
3008,2016-07-16,0
3009,2012-04-06,0
3010,2013-01-18,0
3011,2021-02-25,0
3012,2017-03-10,0
3013,2012-11-04,0
3014,2010-01-03,0
3015,2012-07-21,0
3016,2011-07-27,0
3017,2015-04-27,0
3018,2018-07-07,0
3019,2021-05-18,0
3020,2012-08-11,0
3021,2020-02-08,0
3022,2013-03-29,0
3023,2019-06-04,0
3024,2010-11-12,0
3025,2011-09-24,0
3026,2010-06-30,0
3027,2013-11-09,0
3028,2021-11-15,0
3029,2015-06-14,0
3030,2011-07-09,0
3031,2020-05-31,0
3032,2020-07-26,0
3033,2015-11-16,0
3034,2016-07-23,0
3035,2015-05-02,0
3036,2018-03-31,0
3037,2020-02-26,0
3038,2012-03-09,0
3039,2011-07-03,0
3040,2011-08-11,0
3041,2017-03-09,0
3042,2013-10-21,0
3043,2019-10-14,0
3044,2020-01-04,0
3045,2020-09-16,0
3046,2016-09-27,0
3047,2014-05-31,0
3048,2014-08-03,0
3049,2013-11-30,0
3050,2015-01-21,0
3051,2019-10-24,0
3052,2010-11-05,0
3053,2015-07-13,0
3054,2019-11-02,0
3055,2014-05-21,0
3056,2012-05-01,0
3057,2019-06-01,0
3058,2015-05-26,0
3059,2015-10-18,0
3060,2014-10-03,0
3061,2015-06-19,0
3062,2019-11-20,0
3063,2010-04-17,0
3064,2011-12-26,0
3065,2020-08-02,0
3066,2021-08-05,0
3067,2021-02-06,0
3068,2016-07-17,0
3069,2018-10-07,0
3070,2020-09-29,0
3071,2016-09-12,0
3072,2010-01-15,0
3073,2019-10-02,0
3074,2014-07-29,0
3075,2020-06-18,0
3076,2010-09-12,0
3077,2015-10-31,0
3078,2010-08-19,0
3079,2012-09-03,0
3080,2019-03-24,0
3081,2012-07-01,0
3082,2017-07-01,0
3083,2015-02-04,0
3084,2014-01-19,0
3085,2015-01-26,0
3086,2021-08-27,0
3087,2018-04-24,0
3088,2016-05-18,0
3089,2020-12-28,0
3090,2011-09-13,0
3091,2018-07-18,0
3092,2015-04-13,0
3093,2013-09-08,0
3094,2010-06-15,0
3095,2011-12-18,0
3096,2012-01-17,0
3097,2015-03-05,0
3098,2015-07-20,0
3099,2013-06-12,0
3100,2018-04-01,0
3101,2021-08-28,0
3102,2014-04-20,0
3103,2019-10-30,0
3104,2011-09-27,0
3105,2017-10-08,0
3106,2021-09-20,0
3107,2016-03-27,0
3108,2013-07-01,0
3109,2021-11-16,0
3110,2012-09-01,0
3111,2012-06-27,0
3112,2021-09-19,0
3113,2013-09-13,0
3114,2010-03-24,0
3115,2015-04-15,0
3116,2016-08-15,0
3117,2014-06-16,0
3118,2020-01-10,0
3119,2011-11-11,0
3120,2013-01-13,0
3121,2019-04-13,0
3122,2011-02-23,0
3123,2018-09-09,0
3124,2014-03-10,0
3125,2018-06-04,0
3126,2018-11-09,0
3127,2010-09-16,0
3128,2012-02-14,0
3129,2019-05-24,0
3130,2018-05-03,0
3131,2014-11-02,0
3132,2016-09-16,0
3133,2018-08-31,0
3134,2013-03-10,0
3135,2017-07-23,0
3136,2010-02-20,0
3137,2017-09-15,0
3138,2014-07-09,0
3139,2016-04-04,0
3140,2010-05-08,0
3141,2010-09-09,0
3142,2011-11-15,0
3143,2015-06-26,0
3144,2021-11-27,0
3145,2015-01-25,0
3146,2018-04-21,0
3147,2017-04-24,0
3148,2011-09-09,0
3149,2021-05-26,0
3150,2019-10-22,0
3151,2020-11-26,0
3152,2014-07-21,0
3153,2019-01-01,0
3154,2011-05-24,0
3155,2012-08-06,0
3156,2011-03-07,0
3157,2019-11-10,0
3158,2012-07-09,0
3159,2010-05-12,0
3160,2021-05-01,0
3161,2016-09-20,0
3162,2021-07-18,0
3163,2010-11-24,0
3164,2011-04-02,0
3165,2015-05-27,0
3166,2011-10-19,0
3167,2013-10-23,0
3168,2017-09-22,0
3169,2015-07-28,0
3170,2017-07-21,0
3171,2012-09-16,0
3172,2018-07-25,0
3173,2020-09-01,0
3174,2020-11-16,0
3175,2021-06-13,0
3176,2013-01-27,0
3177,2012-05-20,0
3178,2020-11-14,0
3179,2016-03-18,0
3180,2016-08-01,0
3181,2017-06-22,0
3182,2017-07-06,0
3183,2019-10-25,0
3184,2011-06-26,0
3185,2012-08-31,0
3186,2013-06-21,0
3187,2019-06-08,0
3188,2012-06-18,0
3189,2013-02-16,0
3190,2021-03-24,0
3191,2012-12-09,0
3192,2011-12-15,0
3193,2011-12-12,0
3194,2019-01-23,0
3195,2015-07-06,0
3196,2017-12-13,0
3197,2011-08-16,0
3198,2017-12-25,0
3199,2014-12-29,0
3200,2013-09-14,0
3201,2020-01-31,0
3202,2020-01-03,0
3203,2019-06-25,0
3204,2013-08-30,0
3205,2014-12-13,0
3206,2017-09-23,0
3207,2021-07-10,0
3208,2015-07-30,0
3209,2021-10-13,0
3210,2015-01-13,0
3211,2018-06-01,0
3212,2016-12-01,0
3213,2014-08-25,0
3214,2018-07-05,0
3215,2011-12-09,0
3216,2021-04-09,0
3217,2017-10-25,0
3218,2020-02-27,0
3219,2018-07-04,0
3220,2020-04-07,0
3221,2017-12-20,0
3222,2020-11-04,0
3223,2016-07-15,0
3224,2015-11-11,0
3225,2019-04-19,0
3226,2019-06-28,0
3227,2019-07-09,0
3228,2018-04-20,0
3229,2012-02-22,0
3230,2021-12-18,0
3231,2020-11-02,0
3232,2015-01-06,0
3233,2017-06-07,0
3234,2014-05-01,0
3235,2012-09-11,0
3236,2020-11-19,0
3237,2011-11-01,0
3238,2016-09-24,0
3239,2020-08-23,0
3240,2013-09-22,0
3241,2014-02-01,0
3242,2014-06-04,0
3243,2021-09-24,0
3244,2021-09-15,0
3245,2011-10-18,0
3246,2015-04-29,0
3247,2014-01-12,0
3248,2011-04-06,0
