,Date,Fire
0,2013-04-12,0
1,2012-04-22,0
2,2010-02-01,0
3,2014-04-28,0
4,2014-03-01,0
5,2017-09-11,0
6,2019-09-18,0
7,2020-10-11,0
8,2014-09-11,0
9,2019-02-14,0
10,2012-10-14,0
11,2013-11-21,0
12,2015-06-07,0
13,2018-03-10,0
14,2018-11-29,0
15,2021-07-22,0
16,2012-01-23,0
17,2018-12-04,0
18,2018-01-13,0
19,2021-04-06,0
20,2016-11-27,0
21,2015-10-24,0
22,2020-12-15,0
23,2017-07-07,0
24,2013-04-10,0
25,2019-01-07,0
26,2013-10-07,0
27,2010-12-19,0
28,2018-05-08,0
29,2020-12-11,0
30,2021-01-13,0
31,2019-02-20,0
32,2017-04-17,0
33,2013-05-07,0
34,2020-08-16,0
35,2015-08-14,0
36,2013-06-11,0
37,2018-05-30,0
38,2017-11-02,0
39,2019-05-03,0
40,2020-11-15,0
41,2012-06-05,0
42,2013-05-16,0
43,2019-04-08,0
44,2011-03-09,0
45,2013-07-25,0
46,2020-08-18,0
47,2012-02-17,0
48,2013-12-29,0
49,2016-12-16,0
50,2011-04-09,0
51,2013-07-06,0
52,2016-11-30,0
53,2011-04-22,0
54,2018-05-06,0
55,2013-08-09,0
56,2018-07-22,0
57,2011-01-04,0
58,2012-01-01,0
59,2010-02-11,0
60,2011-12-04,0
61,2016-07-27,0
62,2017-08-25,0
63,2020-04-09,0
64,2019-05-28,0
65,2010-08-22,0
66,2013-07-10,0
67,2020-12-24,0
68,2015-04-22,0
69,2012-01-18,0
70,2012-05-03,0
71,2021-06-09,0
72,2010-03-12,0
73,2011-09-30,0
74,2016-11-08,0
75,2010-06-01,0
76,2016-03-13,0
77,2012-12-25,0
78,2011-04-26,0
79,2012-11-05,0
80,2013-08-06,0
81,2014-06-07,0
82,2020-11-08,0
83,2016-10-31,0
84,2020-04-03,0
85,2010-01-28,0
86,2014-10-25,0
87,2013-12-01,0
88,2021-07-07,0
89,2020-06-04,0
90,2018-04-12,0
91,2014-09-15,0
92,2016-10-17,0
93,2020-04-08,0
94,2019-02-23,0
95,2013-04-06,0
96,2017-10-17,0
97,2021-10-09,0
98,2016-06-13,0
99,2016-05-29,0
100,2015-06-13,0
101,2018-09-11,0
102,2020-08-06,0
103,2012-11-13,0
104,2013-12-19,0
105,2015-07-03,0
106,2021-06-28,0
107,2021-10-30,0
108,2019-01-13,0
109,2015-07-07,0
110,2020-11-09,0
111,2021-04-04,0
112,2015-12-28,0
113,2013-06-28,0
114,2012-06-06,0
115,2013-05-30,0
116,2016-03-24,0
117,2016-07-20,0
118,2019-09-29,0
119,2012-10-04,0
120,2019-05-10,0
121,2021-05-14,0
122,2014-01-08,0
123,2015-01-16,0
124,2020-08-17,0
125,2011-01-08,0
126,2012-09-18,0
127,2016-02-29,0
128,2016-05-13,0
129,2010-10-18,0
130,2018-05-31,0
131,2010-09-21,0
132,2011-06-02,0
133,2016-11-15,0
134,2010-01-25,0
135,2013-04-01,0
136,2020-12-01,0
137,2011-11-18,0
138,2020-09-03,0
139,2017-02-28,0
140,2010-10-02,0
141,2012-06-29,0
142,2010-07-15,0
143,2021-07-17,0
144,2016-04-06,0
145,2019-09-20,0
146,2011-01-18,0
147,2021-05-07,0
148,2013-04-30,0
149,2021-03-17,0
150,2016-11-20,0
151,2011-01-10,0
152,2012-07-19,0
153,2016-09-30,0
154,2013-11-28,0
155,2012-12-08,0
156,2013-08-19,0
157,2015-11-17,0
158,2021-06-14,0
159,2021-11-09,0
160,2017-05-31,0
161,2020-02-16,0
162,2018-09-04,0
163,2020-03-25,0
164,2011-04-21,0
165,2012-12-23,0
166,2012-09-19,0
167,2013-08-15,0
168,2018-12-01,0
169,2020-02-14,0
170,2013-09-07,0
171,2020-09-09,0
172,2012-06-21,0
173,2013-05-03,0
174,2015-10-22,0
175,2014-02-07,0
176,2020-06-20,0
177,2021-05-22,0
178,2016-02-26,0
179,2021-10-23,0
180,2020-06-13,0
181,2012-01-20,0
182,2014-03-26,0
183,2014-05-13,0
184,2019-12-18,0
185,2011-04-11,0
186,2016-09-06,0
187,2015-12-17,0
188,2017-04-18,0
189,2019-04-05,0
190,2020-02-29,0
191,2015-11-06,0
192,2019-10-20,0
193,2014-06-11,0
194,2020-12-20,0
195,2011-06-01,0
196,2019-03-26,0
197,2016-07-29,0
198,2016-03-07,0
199,2021-02-22,0
200,2016-01-08,0
201,2021-12-16,0
202,2012-05-27,0
203,2014-02-11,0
204,2010-11-03,0
205,2019-12-06,0
206,2017-12-15,0
207,2016-06-02,0
208,2011-08-27,0
209,2017-05-06,0
210,2019-07-22,0
211,2018-02-08,0
212,2017-05-29,0
213,2021-11-06,0
214,2016-05-04,0
215,2016-07-14,0
216,2012-05-04,0
217,2019-01-27,0
218,2021-06-29,0
219,2016-03-22,0
220,2012-12-21,0
221,2019-06-22,0
222,2020-05-13,0
223,2018-06-26,0
224,2020-12-17,0
225,2021-10-17,0
226,2017-06-18,0
227,2017-10-27,0
228,2015-08-08,0
229,2015-03-15,0
230,2016-07-13,0
231,2019-01-10,0
232,2014-09-18,0
233,2017-08-07,0
234,2014-11-01,0
235,2021-03-03,0
236,2019-05-08,0
237,2010-02-25,0
238,2014-08-21,0
239,2017-05-05,0
240,2018-02-04,0
241,2016-08-28,0
242,2019-10-17,0
243,2010-04-10,0
244,2010-07-11,0
245,2019-05-11,0
246,2020-03-09,0
247,2017-08-26,0
248,2016-10-15,0
249,2020-08-14,0
250,2013-01-20,0
251,2019-11-16,0
252,2010-10-19,0
253,2021-11-25,0
254,2018-12-31,0
255,2013-03-30,0
256,2015-09-21,0
257,2020-06-24,0
258,2016-06-10,0
259,2018-01-21,0
260,2014-09-20,0
261,2020-02-15,0
262,2020-06-22,0
263,2018-12-20,0
264,2020-01-26,0
265,2011-08-26,0
266,2014-12-18,0
267,2010-09-04,0
268,2017-05-19,0
269,2019-09-17,0
270,2017-03-28,0
271,2010-10-06,0
272,2015-10-07,0
273,2017-03-30,0
274,2011-11-30,0
275,2011-07-19,0
276,2011-03-23,0
277,2015-04-10,0
278,2017-04-06,0
279,2019-04-24,0
280,2016-08-27,0
281,2011-04-25,0
282,2017-09-08,0
283,2010-11-20,0
284,2010-07-14,0
285,2010-01-18,0
286,2010-05-13,0
287,2019-02-08,0
288,2010-03-08,0
289,2011-05-25,0
290,2012-09-09,0
291,2020-08-28,0
292,2014-02-16,0
293,2015-06-09,0
294,2017-09-09,0
295,2021-03-18,0
296,2017-07-31,0
297,2011-01-09,0
298,2016-01-23,0
299,2013-11-05,0
300,2015-03-07,0
301,2018-04-30,0
302,2021-07-13,0
303,2011-11-10,0
304,2018-02-14,0
305,2019-01-28,0
306,2016-02-17,0
307,2016-06-29,0
308,2020-08-15,0
309,2016-09-02,0
310,2021-03-12,0
311,2013-07-23,0
312,2011-09-20,0
313,2014-07-08,0
314,2010-12-12,0
315,2012-03-31,0
316,2012-05-17,0
317,2013-02-21,0
318,2020-04-02,0
319,2013-07-21,0
320,2020-03-03,0
321,2010-10-24,0
322,2019-10-31,0
323,2012-01-05,0
324,2011-08-02,0
325,2014-01-07,0
326,2017-10-23,0
327,2016-11-22,0
328,2018-10-15,0
329,2010-12-21,0
330,2015-11-21,0
331,2019-02-21,0
332,2019-08-21,0
333,2013-10-29,0
334,2018-10-26,0
335,2017-08-17,0
336,2015-06-15,0
337,2015-06-24,0
338,2021-10-16,0
339,2010-11-14,0
340,2018-03-19,0
341,2013-02-18,0
342,2010-07-22,0
343,2015-05-15,0
344,2020-11-22,0
345,2010-03-23,0
346,2011-02-03,0
347,2013-04-22,0
348,2020-11-11,0
349,2011-02-12,0
350,2013-11-15,0
351,2013-02-03,0
352,2019-10-29,0
353,2016-05-23,0
354,2016-03-30,0
355,2019-07-04,0
356,2016-07-22,0
357,2010-10-14,0
358,2014-02-02,0
359,2021-09-29,0
360,2011-12-17,0
361,2017-04-28,0
362,2018-02-28,0
363,2020-05-27,0
364,2013-01-11,0
365,2012-10-26,0
366,2011-10-15,0
367,2013-12-14,0
368,2015-03-26,0
369,2016-05-14,0
370,2020-05-19,0
371,2010-05-26,0
372,2020-11-10,0
373,2021-10-03,0
374,2015-03-16,0
375,2015-11-09,0
376,2015-11-29,0
377,2019-07-25,0
378,2011-02-26,0
379,2021-07-12,0
380,2018-03-24,0
381,2019-05-09,0
382,2019-05-17,0
383,2014-04-08,0
384,2012-10-05,0
385,2019-04-01,0
386,2014-01-06,0
387,2016-02-16,0
388,2020-06-29,0
389,2013-04-28,0
390,2013-02-23,0
391,2014-02-09,0
392,2017-02-16,0
393,2019-07-14,0
394,2010-08-23,0
395,2015-05-30,0
396,2016-09-25,0
397,2021-01-30,0
398,2011-10-01,0
399,2011-12-22,0
400,2012-03-26,0
401,2013-06-24,0
402,2014-06-25,0
403,2012-03-25,0
404,2021-07-25,0
405,2013-04-16,0
406,2016-07-02,0
407,2018-11-14,0
408,2011-07-07,0
409,2014-12-27,0
410,2013-04-03,0
411,2010-06-16,0
412,2012-04-19,0
413,2013-08-01,0
414,2019-03-02,0
415,2014-08-27,0
416,2018-05-10,0
417,2014-09-26,0
418,2013-06-08,0
419,2018-11-08,0
420,2017-09-14,0
421,2019-05-04,0
422,2020-12-19,0
423,2017-01-25,0
424,2013-12-25,0
425,2021-04-22,0
426,2014-07-19,0
427,2010-02-22,0
428,2017-02-13,0
429,2017-08-09,0
430,2019-12-16,0
431,2012-01-26,0
432,2019-01-21,0
433,2015-12-09,0
434,2013-03-17,0
435,2019-03-11,0
436,2014-04-04,0
437,2013-06-10,0
438,2019-12-14,0
439,2020-06-07,0
440,2014-02-19,0
441,2018-10-02,0
442,2018-01-05,0
443,2018-01-07,0
444,2013-09-06,0
445,2011-07-02,0
446,2017-07-20,0
447,2013-03-11,0
448,2021-06-20,0
449,2020-10-23,0
450,2014-03-31,0
451,2016-01-19,0
452,2011-02-05,0
453,2013-06-19,0
454,2016-05-30,0
455,2021-10-02,0
456,2012-03-04,0
457,2012-11-08,0
458,2013-07-07,0
459,2015-04-16,0
460,2015-09-11,0
461,2010-01-14,0
462,2020-07-02,0
463,2016-03-31,0
464,2013-03-24,0
465,2014-07-22,0
466,2014-09-17,0
467,2014-10-01,0
468,2017-12-31,0
469,2017-11-22,0
470,2016-07-03,0
471,2021-12-27,0
472,2014-07-24,0
473,2018-02-10,0
474,2012-04-29,0
475,2014-04-12,0
476,2010-09-28,0
477,2015-11-18,0
478,2016-12-15,0
479,2010-07-07,0
480,2010-05-24,0
481,2019-12-11,0
482,2016-02-27,0
483,2014-01-11,0
484,2011-04-29,0
485,2020-10-26,0
486,2015-04-25,0
487,2018-06-20,0
488,2010-09-15,0
489,2010-11-29,0
490,2013-04-18,0
491,2012-06-25,0
492,2016-09-21,0
493,2016-11-24,0
494,2012-08-01,0
495,2021-12-13,0
496,2017-11-18,0
497,2012-07-22,0
498,2020-04-16,0
499,2013-05-17,0
500,2010-08-27,0
501,2017-07-02,0
502,2015-01-31,0
503,2015-12-01,0
504,2019-04-07,0
505,2021-10-26,0
506,2014-04-25,0
507,2014-10-13,0
508,2015-07-25,0
509,2013-06-16,0
510,2016-12-09,0
511,2013-06-22,0
512,2018-11-26,0
513,2021-02-23,0
514,2011-08-19,0
515,2016-04-13,0
516,2013-02-07,0
517,2017-02-17,0
518,2018-04-16,0
519,2018-12-05,0
520,2010-04-07,0
521,2012-04-04,0
522,2016-10-10,0
523,2018-10-16,0
524,2014-08-12,0
525,2014-08-30,0
526,2021-02-10,0
527,2020-08-12,0
528,2010-08-26,0
529,2014-01-27,0
530,2016-12-06,0
531,2014-04-26,0
532,2020-08-24,0
533,2012-04-16,0
534,2015-03-06,0
535,2010-03-18,0
536,2014-03-03,0
537,2016-08-17,0
538,2012-09-21,0
539,2021-09-30,0
540,2017-05-26,0
541,2021-10-24,0
542,2016-10-09,0
543,2020-02-19,0
544,2012-02-29,0
545,2012-11-27,0
546,2013-07-11,0
547,2015-10-09,0
548,2011-08-30,0
549,2018-01-27,0
550,2010-06-06,0
551,2017-10-24,0
552,2010-02-02,0
553,2016-04-16,0
554,2011-04-30,0
555,2017-12-01,0
556,2015-09-24,0
557,2020-05-21,0
558,2016-10-16,0
559,2019-03-14,0
560,2014-10-10,0
561,2021-10-06,0
562,2016-08-31,0
563,2021-07-20,0
564,2011-03-11,0
565,2012-10-25,0
566,2013-10-17,0
567,2011-04-04,0
568,2010-11-13,0
569,2014-09-14,0
570,2010-04-13,0
571,2013-03-20,0
572,2010-02-04,0
573,2019-07-20,0
574,2020-03-02,0
575,2013-06-18,0
576,2012-09-29,0
577,2014-06-17,0
578,2011-10-06,0
579,2012-02-25,0
580,2013-06-05,0
581,2017-02-19,0
582,2014-12-24,0
583,2016-01-16,0
584,2013-04-15,0
585,2016-04-05,0
586,2011-03-22,0
587,2017-01-07,0
588,2011-05-07,0
589,2017-04-16,0
590,2016-03-17,0
591,2015-11-02,0
592,2020-05-01,0
593,2015-12-21,0
594,2014-01-25,0
595,2021-04-12,0
596,2020-03-27,0
597,2019-12-23,0
598,2010-10-12,0
599,2012-07-07,0
600,2019-08-26,0
601,2015-10-15,0
602,2013-01-15,0
603,2014-09-02,0
604,2011-08-03,0
605,2018-10-04,0
606,2012-09-26,0
607,2018-10-06,0
608,2017-12-16,0
609,2014-07-06,0
610,2018-01-16,0
611,2021-03-30,0
612,2016-06-30,0
613,2021-10-19,0
614,2021-07-21,0
615,2017-02-22,0
616,2010-05-18,0
617,2017-01-02,0
618,2012-09-27,0
619,2016-12-12,0
620,2018-01-26,0
621,2010-08-01,0
622,2021-05-17,0
623,2016-08-26,0
624,2016-01-03,0
625,2011-04-05,0
626,2013-08-07,0
627,2013-07-28,0
628,2011-01-23,0
629,2013-10-26,0
630,2014-05-05,0
631,2010-02-05,0
632,2015-12-15,0
633,2016-08-10,0
634,2017-01-15,0
635,2011-10-08,0
636,2016-07-31,0
637,2012-02-23,0
638,2010-12-07,0
639,2010-02-12,0
640,2016-01-13,0
641,2014-02-03,0
642,2010-10-22,0
643,2016-06-08,0
644,2020-01-28,0
645,2016-02-08,0
646,2019-04-15,0
647,2016-07-12,0
648,2019-11-14,0
649,2011-07-31,0
650,2021-02-24,0
651,2014-03-21,0
652,2015-11-30,0
653,2019-06-14,0
654,2020-04-27,0
655,2021-06-16,0
656,2011-09-15,0
657,2014-10-12,0
658,2021-12-25,0
659,2011-08-09,0
660,2011-10-17,0
661,2015-07-17,0
662,2011-03-13,0
663,2020-02-24,0
664,2018-02-25,0
665,2019-07-18,0
666,2010-02-27,0
667,2013-07-20,0
668,2013-03-22,0
669,2015-04-26,0
670,2014-09-28,0
671,2010-04-06,0
672,2016-06-23,0
673,2020-12-02,0
674,2020-03-29,0
675,2020-05-16,0
676,2021-11-12,0
677,2014-12-09,0
678,2013-11-10,0
679,2016-08-18,0
680,2014-01-05,0
681,2012-02-04,0
682,2014-07-05,0
683,2014-12-10,0
684,2021-11-24,0
685,2013-08-16,0
686,2019-03-07,0
687,2015-02-16,0
688,2013-09-24,0
689,2019-04-22,0
690,2015-08-03,0
691,2019-08-01,0
692,2021-03-08,0
693,2016-03-14,0
694,2012-08-03,0
695,2013-04-04,0
696,2021-06-23,0
697,2010-10-09,0
698,2020-01-16,0
699,2020-11-12,0
700,2020-08-30,0
701,2010-11-25,0
702,2014-06-27,0
703,2011-04-13,0
704,2012-09-08,0
705,2014-04-30,0
706,2015-12-04,0
707,2010-04-27,0
708,2011-10-27,0
709,2011-12-19,0
710,2015-06-10,0
711,2021-12-09,0
712,2018-12-19,0
713,2016-06-03,0
714,2021-10-07,0
715,2020-05-11,0
716,2014-11-27,0
717,2016-04-01,0
718,2019-07-17,0
719,2010-07-28,0
720,2020-07-21,0
721,2021-01-28,0
722,2013-06-27,0
723,2014-05-08,0
724,2012-07-04,0
725,2013-09-10,0
726,2012-11-20,0
727,2010-04-29,0
728,2012-12-17,0
729,2012-06-30,0
730,2013-12-07,0
731,2019-07-03,0
732,2018-06-05,0
733,2018-10-11,0
734,2012-10-21,0
735,2013-07-03,0
736,2015-08-31,0
737,2019-09-27,0
738,2016-06-18,0
739,2015-08-23,0
740,2020-07-06,0
741,2017-07-25,0
742,2017-10-12,0
743,2019-07-28,0
744,2020-09-20,0
745,2016-01-27,0
746,2017-05-14,0
747,2018-11-18,0
748,2018-02-09,0
749,2021-07-16,0
750,2010-01-20,0
751,2017-09-20,0
752,2013-07-24,0
753,2016-04-24,0
754,2011-01-27,0
755,2014-09-16,0
756,2020-04-28,0
757,2015-12-08,0
758,2019-04-10,0
759,2019-12-19,0
760,2010-12-16,0
761,2013-08-27,0
762,2015-04-05,0
763,2020-03-14,0
764,2020-04-14,0
765,2019-10-06,0
766,2010-09-03,0
767,2011-08-07,0
768,2019-07-12,0
769,2018-03-28,0
770,2013-02-08,0
771,2015-08-05,0
772,2013-08-04,0
773,2020-12-31,0
774,2017-11-05,0
775,2013-09-19,0
776,2017-05-24,0
777,2021-01-18,0
778,2016-11-21,0
779,2018-06-19,0
780,2012-03-15,0
781,2015-11-10,0
782,2013-01-09,0
783,2013-11-19,0
784,2011-11-08,0
785,2020-10-15,0
786,2010-01-19,0
787,2016-01-18,0
788,2020-06-10,0
789,2016-10-03,0
790,2019-02-03,0
791,2010-06-26,0
792,2011-01-21,0
793,2013-08-12,0
794,2019-03-01,0
795,2014-07-27,0
796,2017-03-13,0
797,2017-02-05,0
798,2018-10-18,0
799,2016-11-10,0
800,2010-12-09,0
801,2016-10-13,0
802,2017-11-09,0
803,2016-05-31,0
804,2021-08-02,0
805,2011-12-24,0
806,2017-12-28,0
807,2018-03-12,0
808,2021-02-09,0
809,2018-11-11,0
810,2016-10-07,0
811,2014-08-22,0
812,2013-08-29,0
813,2015-10-12,0
814,2013-12-30,0
815,2016-12-26,0
816,2018-04-25,0
817,2019-08-15,0
818,2013-05-23,0
819,2016-10-29,0
820,2011-09-05,0
821,2010-12-22,0
822,2011-07-16,0
823,2013-01-17,0
824,2017-04-14,0
825,2018-02-23,0
826,2018-04-22,0
827,2010-11-02,0
828,2014-05-30,0
829,2018-09-23,0
830,2020-07-17,0
831,2016-01-21,0
832,2016-12-18,0
833,2016-07-10,0
834,2015-07-24,0
835,2010-08-15,0
836,2020-01-13,0
837,2012-06-19,0
838,2014-03-14,0
839,2012-11-23,0
840,2018-11-24,0
841,2017-08-06,0
842,2020-08-05,0
843,2016-01-05,0
844,2019-11-07,0
845,2015-02-08,0
846,2012-07-24,0
847,2015-10-29,0
848,2020-03-08,0
849,2012-02-10,0
850,2018-08-01,0
851,2014-06-18,0
852,2011-11-13,0
853,2014-03-09,0
854,2015-05-10,0
855,2017-11-20,0
856,2020-07-20,0
857,2021-02-04,0
858,2012-06-17,0
859,2020-10-08,0
860,2017-01-20,0
861,2020-05-05,0
862,2014-12-23,0
863,2021-12-15,0
864,2015-10-03,0
865,2021-07-15,0
866,2010-09-08,0
867,2015-10-30,0
868,2012-03-16,0
869,2013-07-16,0
870,2020-06-21,0
871,2020-10-21,0
872,2014-10-23,0
873,2021-10-28,0
874,2019-07-19,0
875,2013-03-26,0
876,2012-04-05,0
877,2019-04-03,0
878,2018-07-09,0
879,2017-03-31,0
880,2012-06-02,0
881,2010-01-13,0
882,2020-05-09,0
883,2012-05-31,0
884,2016-09-23,0
885,2013-10-30,0
886,2013-08-28,0
887,2016-03-03,0
888,2016-10-01,0
889,2012-12-05,0
890,2018-09-03,0
891,2011-12-06,0
892,2015-07-10,0
893,2012-02-15,0
894,2019-11-06,0
895,2015-10-27,0
896,2011-01-03,0
897,2020-03-06,0
898,2018-01-17,0
899,2010-05-11,0
900,2014-04-11,0
901,2018-04-19,0
902,2018-06-09,0
903,2019-02-24,0
904,2020-09-02,0
905,2019-08-19,0
906,2020-01-02,0
907,2019-07-02,0
908,2010-04-05,0
909,2016-01-09,0
910,2019-08-13,0
911,2020-07-27,0
912,2021-10-27,0
913,2016-05-25,0
914,2011-03-12,0
915,2011-11-24,0
916,2020-03-11,0
917,2021-02-13,0
918,2014-05-24,0
919,2018-05-13,0
920,2017-01-30,0
921,2020-02-09,0
922,2015-02-13,0
923,2013-01-31,0
924,2012-05-19,0
925,2020-08-26,0
926,2019-12-20,0
927,2011-06-15,0
928,2011-05-02,0
929,2018-03-02,0
930,2015-01-30,0
931,2015-10-17,0
932,2017-01-17,0
933,2020-10-04,0
934,2017-08-10,0
935,2021-05-02,0
936,2010-06-03,0
937,2011-07-14,0
938,2013-11-06,0
939,2011-03-28,0
940,2014-07-02,0
941,2020-07-13,0
942,2021-12-24,0
943,2016-06-05,0
944,2016-07-07,0
945,2017-04-09,0
946,2018-12-18,0
947,2020-12-26,0
948,2013-11-13,0
949,2021-02-02,0
950,2012-05-07,0
951,2014-12-17,0
952,2020-07-07,0
953,2020-03-31,0
954,2015-04-12,0
955,2019-10-16,0
956,2021-06-15,0
957,2021-02-03,0
958,2010-06-29,0
959,2010-04-04,0
960,2015-05-18,0
961,2015-12-06,0
962,2010-08-30,0
963,2019-03-09,0
964,2019-04-20,0
965,2013-12-16,0
966,2016-05-27,0
967,2020-03-23,0
968,2011-05-06,0
969,2017-03-03,0
970,2014-08-16,0
971,2017-11-25,0
972,2019-05-20,0
973,2014-01-18,0
974,2010-03-04,0
975,2019-12-29,0
976,2019-09-08,0
977,2017-12-29,0
978,2010-10-27,0
979,2013-05-09,0
980,2019-01-22,0
981,2013-05-01,0
982,2011-01-25,0
983,2011-06-12,0
984,2011-08-18,0
985,2012-06-14,0
986,2013-07-17,0
987,2016-05-05,0
988,2021-09-27,0
989,2012-10-28,0
990,2015-10-05,0
991,2018-06-23,0
992,2013-05-04,0
993,2011-12-02,0
994,2016-05-19,0
995,2017-07-19,0
996,2010-10-07,0
997,2014-10-06,0
998,2018-02-21,0
999,2010-07-01,0
1000,2011-05-11,0
1001,2015-10-13,0
1002,2012-12-14,0
1003,2013-05-10,0
1004,2012-04-14,0
1005,2017-05-02,0
1006,2016-02-14,0
1007,2019-04-26,0
1008,2010-08-21,0
1009,2013-11-29,0
1010,2021-01-19,0
1011,2021-04-28,0
1012,2011-11-09,0
1013,2014-03-15,0
1014,2015-03-22,0
1015,2016-10-23,0
1016,2017-06-24,0
1017,2021-05-24,0
1018,2012-10-27,0
1019,2021-07-19,0
1020,2017-12-22,0
1021,2017-05-22,0
1022,2012-10-10,0
1023,2019-03-06,0
1024,2019-11-03,0
1025,2010-04-23,0
1026,2012-04-08,0
1027,2010-11-10,0
1028,2012-10-07,0
1029,2015-06-01,0
1030,2013-01-29,0
1031,2020-10-19,0
1032,2015-11-04,0
1033,2019-11-21,0
1034,2010-11-11,0
1035,2010-02-14,0
1036,2016-01-17,0
1037,2020-12-13,0
1038,2020-06-06,0
1039,2021-01-01,0
1040,2021-11-26,0
1041,2013-04-08,0
1042,2021-02-17,0
1043,2016-09-28,0
1044,2010-11-21,0
1045,2020-10-02,0
1046,2013-03-06,0
1047,2011-06-23,0
1048,2019-07-16,0
1049,2015-09-08,0
1050,2012-02-09,0
1051,2014-11-09,0
1052,2016-11-05,0
1053,2019-05-19,0
1054,2015-01-07,0
1055,2019-09-25,0
1056,2020-06-17,0
1057,2012-11-17,0
1058,2020-04-19,0
1059,2021-06-02,0
1060,2012-10-19,0
1061,2019-02-07,0
1062,2017-01-13,0
1063,2012-12-20,0
1064,2014-12-01,0
1065,2010-08-17,0
1066,2021-12-07,0
1067,2011-07-04,0
1068,2010-07-27,0
1069,2019-02-19,0
1070,2010-04-01,0
1071,2010-08-29,0
1072,2010-09-01,0
1073,2019-09-12,0
1074,2021-10-22,0
1075,2021-12-08,0
1076,2014-02-13,0
1077,2018-05-15,0
1078,2015-11-12,0
1079,2015-01-17,0
1080,2012-02-11,0
1081,2016-08-02,0
1082,2020-06-09,0
1083,2010-12-25,0
1084,2018-12-29,0
1085,2011-05-29,0
1086,2020-11-29,0
1087,2021-05-09,0
1088,2011-12-23,0
1089,2011-09-07,0
1090,2015-09-14,0
1091,2020-01-12,0
1092,2017-01-16,0
1093,2010-06-09,0
1094,2020-07-05,0
1095,2015-04-14,0
1096,2014-02-28,0
1097,2011-07-08,0
1098,2020-09-24,0
1099,2016-03-10,0
1100,2019-11-19,0
1101,2016-05-17,0
1102,2015-03-19,0
1103,2016-09-10,0
1104,2019-09-22,0
1105,2014-05-10,0
1106,2011-06-11,0
1107,2015-01-03,0
1108,2013-04-19,0
1109,2017-06-09,0
1110,2018-04-28,0
1111,2016-02-05,0
1112,2018-07-08,0
1113,2020-03-07,0
1114,2012-03-27,0
1115,2019-07-15,0
1116,2014-04-24,0
1117,2019-03-18,0
1118,2018-06-18,0
1119,2019-03-10,0
1120,2018-12-23,0
1121,2016-06-20,0
1122,2013-11-20,0
1123,2011-02-01,0
1124,2021-10-10,0
1125,2016-06-19,0
1126,2012-05-13,0
1127,2016-10-22,0
1128,2016-12-13,0
1129,2017-02-10,0
1130,2019-12-26,0
1131,2018-03-08,0
1132,2011-05-22,0
1133,2020-09-22,0
1134,2010-07-09,0
1135,2014-03-05,0
1136,2015-12-10,0
1137,2021-06-10,0
1138,2018-10-10,0
1139,2020-11-23,0
1140,2014-09-22,0
1141,2014-10-28,0
1142,2019-10-27,0
1143,2021-10-31,0
1144,2016-09-08,0
1145,2010-01-23,0
1146,2021-04-26,0
1147,2011-08-15,0
1148,2019-03-12,0
1149,2013-12-24,0
1150,2013-01-04,0
1151,2015-04-28,0
1152,2017-12-19,0
1153,2017-05-21,0
1154,2014-07-28,0
1155,2017-06-28,0
1156,2014-02-08,0
1157,2021-10-04,0
1158,2012-01-27,0
1159,2013-06-14,0
1160,2018-03-05,0
1161,2016-03-19,0
1162,2015-04-24,0
1163,2021-05-29,0
1164,2020-04-25,0
1165,2017-08-31,0
1166,2010-06-21,0
1167,2017-03-02,0
1168,2019-02-04,0
1169,2010-08-16,0
1170,2021-02-21,0
1171,2017-03-04,0
1172,2017-06-11,0
1173,2019-01-03,0
1174,2019-07-27,0
1175,2015-05-07,0
1176,2011-07-25,0
1177,2014-10-02,0
1178,2014-12-19,0
1179,2014-02-15,0
1180,2020-09-15,0
1181,2017-05-07,0
1182,2014-06-23,0
1183,2014-02-04,0
1184,2011-07-12,0
1185,2010-06-20,0
1186,2014-09-05,0
1187,2018-05-11,0
1188,2020-02-04,0
1189,2016-02-11,0
1190,2012-03-29,0
1191,2019-03-27,0
1192,2016-08-29,0
1193,2017-02-01,0
1194,2010-11-16,0
1195,2015-03-29,0
1196,2020-08-21,0
1197,2019-08-28,0
1198,2020-07-29,0
1199,2010-04-09,0
1200,2012-02-03,0
1201,2014-06-21,0
1202,2011-02-02,0
1203,2012-06-20,0
1204,2012-07-31,0
1205,2018-04-06,0
1206,2017-08-23,0
1207,2015-07-14,0
1208,2020-07-26,0
1209,2021-02-01,0
1210,2018-04-13,0
1211,2012-06-04,0
1212,2011-06-08,0
1213,2021-04-02,0
1214,2017-07-24,0
1215,2014-03-16,0
1216,2010-05-30,0
1217,2010-10-01,0
1218,2012-07-16,0
1219,2016-11-09,0
1220,2020-04-10,0
1221,2010-08-25,0
1222,2018-11-01,0
1223,2010-05-29,0
1224,2013-03-14,0
1225,2011-06-04,0
1226,2010-03-14,0
1227,2010-07-31,0
1228,2010-10-10,0
1229,2011-03-20,0
1230,2018-11-13,0
1231,2019-06-23,0
1232,2011-01-31,0
1233,2015-06-29,0
1234,2020-05-30,0
1235,2021-08-01,0
1236,2016-01-29,0
1237,2013-08-24,0
1238,2010-05-20,0
1239,2010-06-07,0
1240,2013-05-05,0
1241,2013-10-19,0
1242,2016-09-14,0
1243,2014-01-21,0
1244,2016-02-01,0
1245,2020-09-27,0
1246,2013-06-20,0
1247,2020-12-25,0
1248,2010-06-10,0
1249,2013-11-12,0
1250,2016-06-27,0
1251,2010-02-19,0
1252,2018-05-28,0
1253,2015-12-13,0
1254,2019-03-28,0
1255,2016-03-25,0
1256,2010-04-22,0
1257,2017-11-04,0
1258,2017-10-11,0
1259,2018-11-16,0
1260,2012-02-06,0
1261,2010-01-12,0
1262,2012-12-15,0
1263,2017-06-15,0
1264,2016-11-23,0
1265,2020-03-12,0
1266,2020-11-21,0
1267,2019-12-07,0
1268,2013-12-06,0
1269,2015-05-28,0
1270,2018-02-11,0
1271,2016-02-28,0
1272,2015-01-14,0
1273,2015-02-02,0
1274,2014-11-29,0
1275,2021-04-18,0
1276,2012-01-28,0
1277,2012-03-07,0
1278,2017-12-12,0
1279,2018-09-25,0
1280,2017-11-17,0
1281,2019-06-17,0
1282,2017-03-17,0
1283,2013-07-14,0
1284,2020-05-25,0
1285,2014-03-22,0
1286,2010-09-30,0
1287,2017-12-26,0
1288,2018-11-30,0
1289,2016-06-26,0
1290,2020-12-09,0
1291,2020-12-05,0
1292,2016-02-15,0
1293,2016-11-14,0
1294,2018-05-04,0
1295,2017-07-26,0
1296,2017-04-03,0
1297,2017-08-20,0
1298,2010-12-28,0
1299,2018-11-22,0
1300,2021-05-11,0
1301,2010-12-24,0
1302,2020-10-20,0
1303,2014-05-27,0
1304,2010-06-28,0
1305,2012-04-27,0
1306,2010-09-25,0
1307,2016-01-04,0
1308,2019-08-06,0
1309,2014-11-23,0
1310,2017-03-20,0
1311,2019-12-12,0
1312,2012-09-04,0
1313,2020-12-08,0
1314,2020-03-26,0
1315,2011-04-10,0
1316,2014-12-28,0
1317,2010-03-05,0
1318,2013-01-02,0
1319,2018-02-13,0
1320,2018-05-26,0
1321,2020-09-05,0
1322,2016-09-05,0
1323,2021-01-11,0
1324,2021-04-11,0
1325,2017-03-01,0
1326,2016-04-23,0
1327,2019-04-21,0
1328,2013-12-17,0
1329,2017-11-19,0
1330,2019-03-19,0
1331,2016-04-11,0
1332,2019-11-04,0
1333,2014-12-30,0
1334,2021-04-20,0
1335,2012-05-15,0
1336,2010-03-07,0
1337,2021-06-08,0
1338,2015-11-05,0
1339,2011-10-11,0
1340,2019-09-07,0
1341,2020-05-20,0
1342,2011-05-30,0
1343,2016-02-13,0
1344,2011-01-13,0
1345,2017-07-09,0
1346,2014-01-01,0
1347,2015-04-01,0
1348,2010-01-10,0
1349,2016-04-29,0
1350,2014-08-26,0
1351,2011-05-15,0
1352,2014-12-26,0
1353,2011-12-25,0
1354,2013-07-15,0
1355,2016-10-25,0
1356,2020-02-11,0
1357,2012-11-10,0
1358,2017-02-25,0
1359,2015-12-23,0
1360,2016-04-03,0
1361,2017-06-20,0
1362,2010-02-03,0
1363,2020-01-23,0
1364,2020-07-28,0
1365,2016-02-21,0
1366,2017-07-12,0
1367,2015-10-08,0
1368,2010-10-05,0
1369,2011-09-25,0
1370,2012-06-26,0
1371,2014-04-02,0
1372,2020-07-01,0
1373,2020-12-04,0
1374,2011-06-22,0
1375,2010-04-15,0
1376,2017-04-27,0
1377,2014-08-04,0
1378,2011-01-24,0
1379,2013-02-25,0
1380,2020-06-28,0
1381,2010-05-31,0
1382,2010-05-28,0
1383,2015-07-27,0
1384,2018-09-22,0
1385,2016-01-12,0
1386,2012-06-28,0
1387,2011-05-09,0
1388,2019-07-30,0
1389,2021-01-09,0
1390,2021-05-28,0
1391,2014-08-07,0
1392,2013-07-13,0
1393,2016-04-19,0
1394,2014-10-15,0
1395,2020-09-17,0
1396,2021-02-12,0
1397,2017-08-11,0
1398,2016-12-14,0
1399,2018-03-21,0
1400,2013-01-06,0
1401,2015-03-31,0
1402,2013-11-16,0
1403,2020-10-06,0
1404,2019-10-11,0
1405,2021-05-27,0
1406,2012-06-07,0
1407,2016-05-12,0
1408,2010-05-02,0
1409,2011-07-01,0
1410,2011-01-30,0
1411,2021-02-26,0
1412,2013-12-18,0
1413,2020-01-21,0
1414,2012-03-17,0
1415,2010-08-07,0
1416,2013-07-12,0
1417,2015-11-22,0
1418,2016-03-28,0
1419,2016-11-28,0
1420,2010-10-20,0
1421,2010-09-20,0
1422,2020-03-30,0
1423,2017-11-26,0
1424,2015-03-11,0
1425,2011-10-10,0
1426,2010-07-24,0
1427,2014-06-28,0
1428,2014-09-24,0
1429,2016-09-17,0
1430,2019-03-03,0
1431,2019-03-17,0
1432,2011-02-21,0
1433,2015-02-15,0
1434,2015-05-19,0
1435,2021-03-28,0
1436,2013-04-02,0
1437,2016-12-31,0
1438,2017-12-24,0
1439,2014-03-30,0
1440,2015-10-20,0
1441,2019-09-05,0
1442,2013-05-31,0
1443,2020-01-20,0
1444,2021-04-16,0
1445,2011-04-01,0
1446,2012-03-23,0
1447,2021-03-20,0
1448,2010-08-03,0
1449,2015-07-04,0
1450,2013-12-28,0
1451,2017-07-29,0
1452,2010-12-15,0
1453,2015-05-09,0
1454,2019-02-15,0
1455,2014-03-07,0
1456,2017-03-18,0
1457,2010-01-27,0
1458,2011-05-14,0
1459,2015-08-30,0
1460,2021-10-18,0
1461,2012-06-24,0
1462,2021-07-06,0
1463,2010-08-06,0
1464,2013-03-05,0
1465,2014-09-27,0
1466,2016-04-28,0
1467,2015-02-11,0
1468,2018-03-29,0
1469,2012-11-29,0
1470,2014-01-20,0
1471,2014-12-22,0
1472,2012-12-10,0
1473,2014-11-20,0
1474,2014-09-08,0
1475,2014-01-17,0
1476,2011-05-28,0
1477,2011-10-16,0
1478,2019-04-16,0
1479,2020-09-07,0
1480,2016-07-01,0
1481,2011-02-28,0
1482,2010-01-05,0
1483,2011-08-28,0
1484,2011-12-01,0
1485,2014-08-28,0
1486,2015-03-24,0
1487,2017-02-07,0
1488,2019-04-14,0
1489,2012-01-04,0
1490,2012-07-05,0
1491,2015-07-16,0
1492,2013-08-31,0
1493,2017-08-28,0
1494,2013-01-12,0
1495,2019-12-13,0
1496,2017-08-22,0
1497,2020-06-02,0
1498,2020-08-04,0
1499,2014-10-08,0
1500,2015-03-10,0
1501,2014-05-19,0
1502,2015-10-25,0
1503,2017-09-03,0
1504,2021-04-05,0
1505,2014-04-19,0
1506,2015-04-19,0
1507,2012-07-30,0
1508,2021-04-03,0
1509,2021-11-14,0
1510,2014-12-11,0
1511,2012-03-05,0
1512,2012-04-11,0
1513,2014-11-18,0
1514,2019-06-26,0
1515,2010-05-01,0
1516,2020-04-22,0
1517,2016-12-29,0
1518,2020-09-14,0
1519,2021-12-04,0
1520,2011-06-29,0
1521,2019-11-24,0
1522,2010-11-27,0
1523,2020-10-22,0
1524,2013-04-11,0
1525,2015-05-01,0
1526,2018-03-30,0
1527,2020-11-06,0
1528,2021-12-28,0
1529,2010-10-08,0
1530,2014-02-21,0
1531,2015-06-25,0
1532,2012-12-01,0
1533,2013-04-25,0
1534,2014-06-02,0
1535,2011-11-17,0
1536,2018-02-01,0
1537,2019-12-03,0
1538,2010-03-06,0
1539,2020-03-20,0
1540,2012-06-11,0
1541,2015-05-22,0
1542,2013-10-16,0
1543,2019-11-28,0
1544,2011-10-23,0
1545,2011-06-10,0
1546,2016-05-22,0
1547,2016-08-21,0
1548,2011-10-09,0
1549,2014-08-06,0
1550,2019-06-16,0
1551,2020-06-03,0
1552,2013-03-28,0
1553,2013-07-08,0
1554,2014-06-20,0
1555,2012-01-12,0
1556,2011-11-19,0
1557,2012-02-01,0
1558,2015-07-23,0
1559,2013-04-26,0
1560,2013-06-30,0
1561,2010-08-13,0
1562,2017-11-15,0
1563,2010-06-13,0
1564,2014-06-03,0
1565,2020-08-25,0
1566,2021-12-26,0
1567,2017-02-21,0
1568,2010-10-04,0
1569,2012-04-15,0
1570,2021-07-30,0
1571,2016-03-16,0
1572,2015-12-31,0
1573,2013-10-18,0
1574,2014-07-03,0
1575,2017-07-05,0
1576,2020-07-11,0
1577,2015-02-10,0
1578,2015-09-22,0
1579,2016-08-13,0
1580,2010-02-26,0
1581,2010-11-09,0
1582,2018-05-16,0
1583,2011-01-15,0
1584,2012-01-29,0
1585,2019-06-09,0
1586,2015-12-02,0
1587,2011-03-03,0
1588,2019-01-05,0
1589,2021-11-05,0
1590,2015-01-15,0
1591,2017-11-14,0
1592,2012-08-04,0
1593,2021-04-24,0
1594,2014-01-29,0
1595,2015-01-01,0
1596,2020-10-01,0
1597,2013-10-01,0
1598,2020-11-18,0
1599,2021-07-31,0
1600,2010-10-25,0
1601,2013-11-22,0
1602,2015-12-30,0
1603,2016-08-19,0
1604,2017-04-19,0
1605,2010-03-03,0
1606,2014-12-31,0
1607,2015-08-16,0
1608,2016-10-24,0
1609,2017-02-04,0
1610,2014-10-14,0
1611,2017-12-02,0
1612,2010-03-29,0
1613,2013-03-02,0
1614,2015-01-05,0
1615,2015-09-28,0
1616,2016-08-11,0
1617,2015-08-24,0
1618,2010-01-07,0
1619,2013-05-27,0
1620,2015-06-30,0
1621,2015-07-26,0
1622,2015-08-28,0
1623,2014-05-20,0
1624,2016-11-16,0
1625,2021-09-11,0
1626,2013-08-03,0
1627,2020-01-15,0
1628,2019-06-10,0
1629,2010-05-17,0
1630,2013-10-08,0
1631,2015-11-27,0
1632,2010-06-27,0
1633,2012-12-31,0
1634,2020-07-14,0
1635,2021-01-12,0
1636,2012-01-31,0
1637,2019-07-24,0
1638,2020-10-03,0
1639,2011-09-12,0
1640,2011-05-26,0
1641,2013-09-03,0
1642,2018-12-13,0
1643,2019-05-18,0
1644,2010-04-16,0
1645,2018-04-11,0
1646,2011-06-16,0
1647,2014-04-01,0
1648,2011-02-09,0
1649,2017-01-26,0
1650,2014-05-14,0
1651,2014-06-01,0
1652,2011-11-29,0
1653,2015-04-30,0
1654,2019-08-04,0
1655,2020-03-17,0
1656,2011-02-06,0
1657,2014-10-11,0
1658,2010-04-25,0
1659,2014-10-27,0
1660,2016-04-20,0
1661,2016-12-21,0
1662,2012-10-17,0
1663,2015-08-25,0
1664,2021-02-08,0
1665,2011-07-30,0
1666,2015-05-16,0
1667,2013-01-24,0
1668,2021-12-22,0
1669,2010-03-27,0
1670,2018-01-30,0
1671,2011-04-20,0
1672,2014-03-24,0
1673,2011-05-10,0
1674,2015-09-01,0
1675,2017-02-14,0
1676,2013-12-26,0
1677,2014-03-18,0
1678,2015-09-16,0
1679,2018-04-17,0
1680,2010-10-16,0
1681,2015-01-11,0
1682,2015-12-20,0
1683,2020-06-11,0
1684,2020-12-21,0
1685,2017-02-24,0
1686,2017-02-27,0
1687,2020-03-01,0
1688,2020-07-19,0
1689,2021-09-25,0
1690,2010-03-26,0
1691,2018-11-28,0
1692,2012-03-19,0
1693,2015-05-05,0
1694,2016-08-23,0
1695,2013-05-18,0
1696,2011-12-14,0
1697,2013-02-04,0
1698,2015-06-21,0
1699,2015-05-21,0
1700,2021-04-27,0
1701,2018-07-12,0
1702,2010-09-24,0
1703,2010-12-29,0
1704,2012-12-28,0
1705,2020-09-23,0
1706,2013-02-15,0
1707,2010-07-25,0
1708,2017-06-19,0
1709,2011-03-05,0
1710,2017-10-26,0
1711,2013-02-12,0
1712,2019-09-24,0
1713,2021-11-30,0
1714,2013-08-05,0
1715,2010-04-19,0
1716,2020-02-01,0
1717,2016-04-22,0
1718,2020-02-23,0
1719,2019-03-13,0
1720,2011-09-26,0
1721,2015-05-14,0
1722,2010-01-06,0
1723,2010-02-21,0
1724,2015-12-07,0
1725,2018-07-16,0
1726,2016-03-26,0
1727,2016-09-22,0
1728,2016-02-09,0
1729,2010-03-21,0
1730,2014-01-16,0
1731,2013-04-13,0
1732,2020-03-10,0
1733,2015-12-19,0
1734,2020-01-25,0
1735,2012-10-03,0
1736,2020-04-05,0
1737,2012-02-13,0
1738,2019-01-15,0
1739,2015-02-26,0
1740,2021-01-15,0
1741,2021-06-12,0
1742,2017-12-05,0
1743,2014-06-19,0
1744,2019-09-09,0
1745,2012-10-06,0
1746,2016-03-06,0
1747,2015-08-19,0
1748,2016-05-21,0
1749,2013-12-05,0
1750,2017-09-07,0
1751,2015-10-01,0
1752,2018-12-02,0
1753,2015-11-14,0
1754,2017-09-29,0
1755,2012-07-17,0
1756,2018-10-09,0
1757,2016-09-19,0
1758,2017-11-30,0
1759,2017-12-27,0
1760,2019-05-26,0
1761,2020-12-27,0
1762,2010-06-02,0
1763,2015-01-28,0
1764,2013-01-10,0
1765,2017-05-13,0
1766,2019-01-08,0
1767,2012-04-12,0
1768,2013-07-30,0
1769,2013-12-20,0
1770,2018-09-19,0
1771,2016-07-06,0
1772,2019-03-08,0
1773,2015-12-16,0
1774,2015-09-04,0
1775,2020-05-03,0
1776,2016-06-28,0
1777,2018-07-17,0
1778,2012-04-17,0
1779,2012-05-14,0
1780,2021-04-10,0
1781,2021-12-31,0
1782,2016-01-02,0
1783,2019-08-25,0
1784,2010-10-11,0
1785,2020-02-02,0
1786,2016-09-01,0
1787,2010-12-13,0
1788,2011-09-28,0
1789,2010-12-05,0
1790,2015-05-25,0
1791,2019-03-04,0
1792,2020-05-14,0
1793,2012-05-02,0
1794,2012-07-11,0
1795,2013-02-01,0
1796,2019-06-29,0
1797,2018-12-30,0
1798,2010-08-20,0
1799,2011-02-20,0
1800,2017-09-10,0
1801,2019-07-26,0
1802,2011-07-05,0
1803,2021-07-29,0
1804,2019-12-25,0
1805,2011-12-27,0
1806,2012-11-24,0
1807,2014-08-18,0
1808,2017-09-30,0
1809,2014-10-16,0
1810,2015-04-18,0
1811,2018-03-22,0
1812,2011-11-22,0
1813,2017-08-24,0
1814,2019-11-23,0
1815,2016-11-13,0
1816,2019-09-06,0
1817,2012-09-14,0
1818,2018-06-29,0
1819,2015-09-18,0
1820,2013-10-02,0
1821,2014-11-25,0
1822,2018-01-12,0
1823,2012-04-20,0
1824,2013-09-02,0
1825,2013-09-25,0
1826,2016-10-20,0
1827,2020-01-17,0
1828,2017-11-11,0
1829,2016-12-22,0
1830,2018-10-20,0
1831,2020-01-18,0
1832,2017-03-12,0
1833,2021-03-06,0
1834,2015-05-24,0
1835,2010-12-23,0
1836,2020-04-18,0
1837,2021-06-21,0
1838,2016-01-15,0
1839,2013-12-21,0
1840,2010-12-27,0
1841,2012-11-07,0
1842,2021-12-20,0
1843,2017-05-20,0
1844,2011-06-27,0
1845,2019-03-16,0
1846,2020-05-28,0
1847,2011-03-02,0
1848,2018-07-14,0
1849,2017-11-28,0
1850,2021-01-06,0
1851,2021-07-24,0
1852,2012-10-12,0
1853,2014-12-15,0
1854,2012-04-07,0
1855,2014-08-24,0
1856,2018-05-02,0
1857,2015-08-29,0
1858,2015-06-04,0
1859,2012-05-29,0
1860,2012-01-09,0
1861,2014-09-12,0
1862,2013-02-20,0
1863,2014-12-08,0
1864,2016-01-07,0
1865,2021-12-02,0
1866,2011-09-29,0
1867,2017-11-23,0
1868,2018-08-20,0
1869,2015-01-29,0
1870,2015-10-02,0
1871,2018-04-04,0
1872,2021-10-20,0
1873,2019-08-14,0
1874,2011-02-10,0
1875,2011-10-20,0
1876,2017-02-08,0
1877,2015-12-03,0
1878,2014-04-09,0
1879,2017-01-24,0
1880,2011-01-26,0
1881,2015-06-03,0
1882,2011-12-28,0
1883,2018-10-08,0
1884,2014-01-14,0
1885,2010-12-08,0
1886,2017-06-17,0
1887,2010-09-19,0
1888,2013-12-03,0
1889,2018-03-26,0
1890,2019-01-20,0
1891,2014-01-04,0
1892,2016-01-28,0
1893,2010-09-11,0
1894,2014-07-07,0
1895,2018-11-03,0
1896,2013-02-13,0
1897,2018-01-03,0
1898,2017-12-09,0
1899,2018-11-15,0
1900,2010-09-14,0
1901,2018-03-01,0
1902,2016-08-06,0
1903,2017-06-29,0
1904,2020-08-13,0
1905,2018-07-15,0
1906,2012-10-09,0
1907,2016-01-01,0
1908,2017-12-04,0
1909,2017-05-17,0
1910,2013-12-12,0
1911,2020-03-05,0
1912,2013-12-22,0
1913,2020-07-25,0
1914,2013-11-24,0
1915,2013-07-19,0
1916,2019-11-11,0
1917,2020-05-23,0
1918,2020-12-18,0
1919,2020-08-10,0
1920,2016-12-08,0
1921,2014-10-30,0
1922,2017-05-04,0
1923,2017-06-30,0
1924,2012-05-30,0
1925,2020-10-10,0
1926,2010-07-29,0
1927,2011-12-10,0
1928,2010-01-16,0
1929,2016-02-10,0
1930,2016-08-08,0
1931,2020-03-22,0
1932,2014-05-06,0
1933,2016-01-31,0
1934,2011-04-19,0
1935,2012-03-03,0
1936,2017-07-18,0
1937,2018-01-25,0
1938,2020-11-30,0
1939,2015-10-06,0
1940,2012-05-06,0
1941,2015-04-21,0
1942,2013-11-01,0
1943,2018-05-21,0
1944,2020-01-09,0
1945,2015-03-04,0
1946,2014-02-27,0
1947,2019-06-21,0
1948,2012-02-18,0
1949,2013-11-08,0
1950,2017-07-11,0
1951,2020-11-28,0
1952,2019-07-01,0
1953,2018-09-12,0
1954,2018-12-15,0
1955,2017-07-08,0
1956,2019-12-21,0
1957,2014-05-25,0
1958,2013-02-02,0
1959,2014-01-26,0
1960,2019-03-23,0
1961,2018-12-16,0
1962,2016-11-06,0
1963,2018-04-03,0
1964,2012-03-24,0
1965,2011-06-20,0
1966,2016-10-18,0
1967,2018-10-25,0
1968,2015-05-06,0
1969,2010-05-21,0
1970,2013-11-04,0
1971,2017-01-21,0
1972,2012-12-07,0
1973,2012-09-07,0
1974,2010-10-31,0
1975,2018-02-27,0
1976,2018-01-02,0
1977,2018-06-12,0
1978,2019-06-30,0
1979,2020-09-21,0
1980,2018-06-14,0
1981,2015-02-12,0
1982,2020-05-24,0
1983,2021-06-30,0
1984,2017-04-04,0
1985,2016-10-08,0
1986,2016-09-09,0
1987,2020-08-22,0
1988,2021-06-24,0
1989,2018-10-31,0
1990,2011-01-05,0
1991,2021-05-30,0
1992,2015-08-21,0
1993,2013-09-17,0
1994,2012-01-24,0
1995,2018-10-29,0
1996,2016-06-06,0
1997,2021-02-20,0
1998,2017-11-27,0
1999,2019-01-02,0
2000,2015-06-11,0
2001,2019-01-09,0
2002,2011-07-10,0
2003,2015-10-16,0
2004,2016-07-28,0
2005,2011-09-23,0
2006,2016-05-15,0
2007,2012-07-06,0
2008,2013-04-05,0
2009,2012-11-14,0
2010,2017-05-08,0
2011,2018-10-19,0
2012,2018-05-19,0
2013,2011-07-28,0
2014,2018-01-22,0
2015,2011-11-05,0
2016,2021-12-11,0
2017,2014-04-14,0
2018,2020-04-11,0
2019,2019-01-17,0
2020,2010-03-16,0
2021,2014-05-23,0
2022,2011-02-15,0
2023,2016-06-09,0
2024,2010-07-19,0
2025,2014-08-19,0
2026,2017-01-14,0
2027,2018-10-30,0
2028,2021-03-05,0
2029,2018-05-09,0
2030,2013-10-25,0
2031,2018-07-13,0
2032,2013-03-08,0
2033,2020-09-13,0
2034,2013-03-15,0
2035,2019-04-18,0
2036,2018-05-07,0
2037,2018-06-17,0
2038,2011-09-22,0
2039,2011-08-08,0
2040,2019-11-12,0
2041,2021-04-29,0
2042,2017-10-31,0
2043,2015-06-20,0
2044,2018-04-08,0
2045,2010-05-25,0
2046,2014-03-28,0
2047,2012-05-08,0
2048,2014-02-06,0
2049,2015-06-16,0
2050,2010-09-02,0
2051,2018-04-09,0
2052,2018-10-01,0
2053,2012-02-19,0
2054,2021-09-12,0
2055,2019-01-25,0
2056,2010-08-12,0
2057,2020-04-13,0
2058,2013-01-07,0
2059,2012-07-02,0
2060,2013-01-14,0
2061,2018-01-04,0
2062,2014-08-11,0
2063,2016-05-10,0
2064,2015-07-31,0
2065,2017-10-01,0
2066,2021-05-15,0
2067,2013-09-23,0
2068,2021-03-25,0
2069,2021-11-07,0
2070,2014-10-04,0
2071,2020-02-20,0
2072,2010-08-11,0
2073,2012-05-12,0
2074,2017-06-04,0
2075,2019-05-21,0
2076,2015-02-22,0
2077,2018-10-27,0
2078,2014-12-12,0
2079,2015-06-17,0
2080,2013-08-26,0
2081,2010-01-09,0
2082,2011-07-17,0
2083,2020-05-18,0
2084,2017-01-19,0
2085,2015-02-19,0
2086,2020-08-19,0
2087,2020-10-28,0
2088,2017-06-13,0
2089,2019-04-17,0
2090,2019-05-05,0
2091,2012-10-24,0
2092,2011-09-11,0
2093,2012-05-26,0
2094,2018-07-23,0
2095,2012-04-01,0
2096,2021-04-30,0
2097,2021-10-05,0
2098,2013-05-12,0
2099,2014-12-16,0
2100,2017-05-28,0
2101,2021-06-22,0
2102,2021-01-16,0
2103,2021-12-06,0
2104,2017-12-23,0
2105,2010-10-30,0
2106,2015-01-27,0
2107,2017-04-12,0
2108,2016-06-07,0
2109,2020-10-09,0
2110,2021-07-14,0
2111,2012-07-13,0
2112,2014-02-18,0
2113,2020-01-19,0
2114,2019-05-15,0
2115,2019-09-30,0
2116,2010-09-06,0
2117,2015-04-23,0
2118,2010-01-26,0
2119,2015-11-07,0
2120,2011-04-18,0
2121,2018-10-17,0
2122,2012-07-12,0
2123,2014-12-06,0
2124,2014-03-11,0
2125,2014-09-19,0
2126,2015-05-13,0
2127,2010-09-05,0
2128,2018-03-20,0
2129,2021-11-02,0
2130,2018-06-30,0
2131,2010-07-16,0
2132,2011-03-30,0
2133,2013-01-26,0
2134,2017-08-16,0
2135,2016-09-15,0
2136,2015-01-22,0
2137,2019-05-13,0
2138,2017-01-29,0
2139,2020-04-26,0
2140,2021-07-27,0
2141,2019-02-11,0
2142,2012-12-02,0
2143,2018-12-06,0
2144,2020-12-12,0
2145,2013-03-03,0
2146,2011-05-05,0
2147,2011-08-23,0
2148,2011-03-21,0
2149,2019-08-17,0
2150,2021-06-18,0
2151,2017-05-30,0
2152,2013-01-22,0
2153,2016-11-07,0
2154,2014-05-04,0
2155,2015-09-15,0
2156,2016-10-21,0
2157,2018-01-20,0
2158,2021-03-21,0
2159,2019-01-04,0
2160,2010-12-02,0
2161,2018-10-28,0
2162,2017-08-30,0
2163,2013-06-23,0
2164,2010-01-22,0
2165,2014-04-29,0
2166,2017-12-06,0
2167,2019-12-05,0
2168,2010-06-23,0
2169,2011-02-08,0
2170,2011-07-21,0
2171,2014-02-10,0
2172,2018-07-03,0
2173,2011-05-08,0
2174,2019-05-27,0
2175,2016-09-04,0
2176,2015-02-18,0
2177,2018-06-02,0
2178,2020-08-11,0
2179,2017-12-18,0
2180,2020-09-12,0
2181,2018-05-27,0
2182,2018-10-21,0
2183,2013-06-17,0
2184,2012-02-05,0
2185,2011-01-06,0
2186,2013-10-28,0
2187,2014-04-13,0
2188,2014-08-20,0
2189,2014-11-19,0
2190,2016-02-12,0
2191,2016-04-02,0
2192,2019-06-02,0
2193,2020-01-24,0
2194,2021-03-15,0
2195,2020-02-06,0
2196,2021-10-25,0
2197,2019-09-21,0
2198,2013-02-27,0
2199,2010-06-22,0
2200,2018-12-24,0
2201,2011-03-27,0
2202,2011-08-20,0
2203,2014-12-21,0
2204,2018-01-28,0
2205,2019-02-10,0
2206,2014-05-17,0
2207,2017-06-21,0
2208,2019-12-17,0
2209,2021-07-23,0
2210,2013-02-14,0
2211,2019-06-13,0
2212,2012-02-28,0
2213,2012-11-26,0
2214,2021-03-01,0
2215,2012-04-26,0
2216,2014-07-20,0
2217,2017-06-03,0
2218,2011-01-17,0
2219,2021-04-17,0
2220,2021-10-01,0
2221,2014-11-08,0
2222,2016-07-18,0
2223,2012-06-10,0
2224,2010-10-26,0
2225,2011-03-18,0
2226,2015-09-30,0
2227,2020-07-08,0
2228,2011-08-31,0
2229,2016-02-07,0
2230,2021-05-06,0
2231,2016-05-24,0
2232,2021-09-22,0
2233,2021-12-23,0
2234,2010-11-04,0
2235,2017-04-29,0
2236,2014-01-03,0
2237,2015-02-03,0
2238,2021-05-10,0
2239,2015-09-06,0
2240,2019-10-18,0
2241,2015-06-06,0
2242,2012-04-02,0
2243,2017-05-23,0
2244,2018-06-25,0
2245,2019-07-06,0
2246,2020-01-07,0
2247,2012-05-10,0
2248,2015-04-07,0
2249,2016-06-11,0
2250,2011-11-25,0
2251,2021-01-23,0
2252,2011-07-29,0
2253,2016-01-14,0
2254,2016-09-03,0
2255,2019-01-06,0
2256,2019-03-20,0
2257,2016-04-07,0
2258,2011-07-26,0
2259,2020-04-12,0
2260,2016-11-03,0
2261,2013-03-13,0
2262,2015-10-10,0
2263,2021-12-05,0
2264,2021-03-14,0
2265,2020-09-06,0
2266,2016-01-11,0
2267,2019-03-15,0
2268,2013-05-20,0
2269,2010-04-03,0
2270,2011-06-18,0
2271,2015-06-12,0
2272,2015-09-13,0
2273,2014-09-21,0
2274,2017-04-01,0
2275,2017-11-24,0
2276,2018-01-09,0
2277,2011-03-31,0
2278,2017-03-21,0
2279,2011-10-21,0
2280,2018-02-07,0
2281,2016-12-25,0
2282,2010-02-10,0
2283,2021-11-01,0
2284,2010-02-15,0
2285,2016-03-15,0
2286,2015-01-12,0
2287,2018-07-11,0
2288,2018-01-23,0
2289,2011-09-10,0
2290,2020-09-08,0
2291,2021-06-25,0
2292,2016-12-27,0
2293,2010-08-05,0
2294,2017-06-25,0
2295,2016-02-18,0
2296,2020-04-17,0
2297,2021-04-01,0
2298,2012-09-30,0
2299,2013-11-27,0
2300,2010-12-10,0
2301,2011-01-07,0
2302,2016-03-01,0
2303,2019-02-25,0
2304,2011-03-01,0
2305,2016-10-04,0
2306,2016-07-19,0
2307,2019-01-19,0
2308,2012-05-11,0
2309,2017-12-08,0
2310,2013-04-27,0
2311,2020-01-29,0
2312,2016-06-16,0
2313,2014-03-02,0
2314,2017-06-12,0
2315,2019-04-12,0
2316,2016-12-19,0
2317,2018-09-21,0
2318,2014-11-16,0
2319,2011-03-25,0
2320,2012-12-06,0
2321,2012-11-19,0
2322,2011-05-31,0
2323,2014-03-23,0
2324,2019-04-11,0
2325,2020-06-08,0
2326,2021-05-13,0
2327,2017-10-03,0
2328,2015-11-19,0
2329,2011-10-05,0
2330,2015-04-17,0
2331,2015-09-03,0
2332,2020-03-04,0
2333,2013-08-21,0
2334,2018-11-19,0
2335,2020-01-11,0
2336,2018-05-23,0
2337,2014-08-15,0
2338,2017-04-05,0
2339,2011-02-13,0
2340,2012-10-01,0
2341,2011-07-20,0
2342,2015-11-01,0
2343,2017-03-26,0
2344,2021-08-03,0
2345,2010-11-26,0
2346,2017-10-10,0
2347,2019-11-30,0
2348,2017-12-07,0
2349,2013-03-23,0
2350,2019-08-03,0
2351,2014-01-09,0
2352,2010-07-18,0
2353,2018-03-14,0
2354,2019-10-01,0
2355,2021-12-14,0
2356,2012-01-06,0
2357,2015-12-25,0
2358,2017-09-24,0
2359,2020-05-17,0
2360,2013-05-26,0
2361,2017-05-27,0
2362,2019-07-23,0
2363,2020-11-13,0
2364,2021-05-31,0
2365,2011-09-21,0
2366,2010-07-10,0
2367,2012-02-27,0
2368,2015-01-02,0
2369,2021-03-19,0
2370,2011-03-17,0
2371,2019-05-30,0
2372,2015-01-19,0
2373,2015-10-11,0
2374,2010-05-19,0
2375,2020-03-28,0
2376,2013-12-27,0
2377,2014-11-07,0
2378,2015-01-08,0
2379,2017-03-15,0
2380,2018-01-24,0
2381,2016-07-24,0
2382,2020-12-06,0
2383,2013-10-31,0
2384,2020-10-14,0
2385,2010-12-20,0
2386,2011-05-19,0
2387,2011-11-12,0
2388,2015-07-18,0
2389,2017-07-15,0
2390,2017-06-08,0
2391,2019-11-25,0
2392,2015-10-28,0
2393,2019-09-23,0
2394,2018-12-03,0
2395,2016-06-25,0
2396,2014-01-22,0
2397,2014-06-12,0
2398,2014-06-14,0
2399,2019-07-31,0
2400,2012-03-14,0
2401,2015-02-01,0
2402,2020-01-06,0
2403,2021-01-31,0
2404,2021-12-12,0
2405,2014-06-10,0
2406,2021-11-23,0
2407,2017-08-27,0
2408,2019-05-22,0
2409,2016-12-28,0
2410,2015-02-24,0
2411,2016-12-11,0
2412,2017-01-22,0
2413,2019-12-02,0
2414,2010-07-08,0
2415,2014-06-30,0
2416,2011-12-16,0
2417,2013-06-01,0
2418,2019-02-22,0
2419,2015-05-08,0
2420,2018-02-24,0
2421,2021-11-03,0
2422,2020-05-08,0
2423,2017-08-29,0
2424,2019-01-18,0
2425,2021-06-17,0
2426,2018-11-23,0
2427,2011-12-21,0
2428,2016-04-17,0
2429,2016-11-01,0
2430,2014-04-05,0
2431,2011-11-23,0
2432,2011-05-13,0
2433,2013-06-13,0
2434,2015-06-18,0
2435,2017-03-07,0
2436,2021-01-21,0
2437,2017-01-27,0
2438,2016-08-05,0
2439,2017-10-02,0
2440,2020-08-08,0
2441,2020-09-10,0
2442,2020-10-07,0
2443,2021-09-28,0
2444,2015-03-08,0
2445,2015-03-14,0
2446,2018-09-05,0
2447,2011-06-07,0
2448,2013-10-12,0
2449,2016-10-30,0
2450,2010-11-19,0
2451,2016-02-23,0
2452,2019-10-09,0
2453,2017-07-16,0
2454,2016-12-04,0
2455,2016-05-02,0
2456,2010-08-04,0
2457,2014-04-27,0
2458,2015-02-20,0
2459,2020-07-30,0
2460,2015-03-02,0
2461,2013-05-24,0
2462,2019-12-08,0
2463,2012-08-17,0
2464,2012-10-23,0
2465,2015-02-14,0
2466,2017-01-04,0
2467,2018-05-29,0
2468,2012-07-15,0
2469,2018-04-29,0
2470,2012-01-07,0
2471,2011-08-10,0
2472,2011-10-30,0
2473,2015-05-20,0
2474,2011-03-04,0
2475,2019-01-29,0
2476,2019-02-17,0
2477,2013-09-05,0
2478,2021-05-23,0
2479,2015-08-06,0
2480,2018-05-18,0
2481,2017-04-30,0
2482,2019-11-01,0
2483,2021-01-04,0
2484,2016-05-20,0
2485,2017-09-26,0
2486,2011-12-03,0
2487,2011-02-11,0
2488,2016-12-03,0
2489,2018-05-20,0
2490,2021-01-24,0
2491,2010-02-08,0
2492,2013-12-02,0
2493,2021-01-14,0
2494,2013-06-04,0
2495,2013-03-12,0
2496,2011-02-27,0
2497,2010-08-31,0
2498,2017-11-08,0
2499,2018-02-18,0
2500,2012-03-22,0
2501,2011-10-31,0
2502,2019-11-15,0
2503,2014-04-06,0
2504,2019-10-04,0
2505,2021-05-16,0
2506,2019-06-05,0
2507,2010-04-30,0
2508,2013-07-18,0
2509,2012-10-15,0
2510,2013-11-02,0
2511,2019-02-12,0
2512,2014-06-15,0
2513,2018-03-11,0
2514,2018-03-25,0
2515,2011-04-17,0
2516,2016-08-20,0
2517,2015-09-10,0
2518,2019-09-10,0
2519,2021-02-19,0
2520,2021-02-28,0
2521,2012-05-24,0
2522,2018-06-16,0
2523,2012-06-12,0
2524,2013-07-04,0
2525,2017-12-10,0
2526,2019-08-18,0
2527,2014-09-01,0
2528,2011-07-18,0
2529,2018-06-08,0
2530,2011-01-16,0
2531,2018-04-10,0
2532,2018-09-30,0
2533,2017-10-28,0
2534,2013-04-14,0
2535,2016-10-11,0
2536,2012-01-03,0
2537,2017-01-09,0
2538,2020-09-11,0
2539,2011-01-01,0
2540,2014-10-26,0
2541,2015-09-05,0
2542,2012-11-25,0
2543,2015-06-27,0
2544,2012-07-08,0
2545,2018-06-15,0
2546,2019-02-02,0
2547,2019-07-21,0
2548,2021-01-27,0
2549,2016-10-28,0
2550,2012-11-12,0
2551,2017-09-19,0
2552,2014-09-23,0
2553,2021-06-04,0
2554,2021-06-19,0
2555,2010-09-29,0
2556,2017-07-28,0
2557,2011-09-04,0
2558,2010-10-23,0
2559,2018-11-02,0
2560,2019-08-11,0
2561,2012-03-18,0
2562,2011-08-12,0
2563,2012-12-04,0
2564,2013-08-14,0
2565,2011-11-28,0
2566,2021-06-26,0
2567,2013-10-11,0
2568,2020-06-26,0
2569,2017-01-11,0
2570,2011-09-01,0
2571,2016-12-23,0
2572,2012-04-09,0
2573,2017-07-03,0
2574,2017-11-12,0
2575,2015-03-27,0
2576,2014-07-11,0
2577,2020-03-19,0
2578,2020-07-03,0
2579,2013-07-31,0
2580,2011-06-19,0
2581,2011-02-17,0
2582,2010-07-30,0
2583,2011-02-07,0
2584,2021-06-03,0
2585,2010-05-16,0
2586,2010-08-28,0
2587,2020-03-18,0
2588,2015-08-27,0
2589,2011-05-12,0
2590,2017-05-10,0
2591,2018-05-24,0
2592,2020-10-16,0
2593,2018-03-13,0
2594,2020-05-26,0
2595,2010-08-10,0
2596,2010-06-25,0
2597,2019-09-15,0
2598,2018-02-16,0
2599,2021-11-04,0
2600,2017-04-07,0
2601,2010-03-22,0
2602,2014-11-26,0
2603,2018-01-10,0
2604,2021-05-25,0
2605,2013-04-24,0
2606,2015-04-11,0
2607,2018-07-02,0
2608,2013-03-01,0
2609,2014-06-24,0
2610,2020-04-01,0
2611,2013-10-14,0
2612,2017-07-30,0
2613,2012-03-20,0
2614,2019-01-14,0
2615,2011-08-21,0
2616,2011-10-02,0
2617,2012-01-02,0
2618,2010-07-04,0
2619,2013-06-02,0
2620,2010-07-12,0
2621,2017-10-15,0
2622,2016-08-04,0
2623,2017-11-03,0
2624,2016-08-03,0
2625,2018-02-20,0
2626,2021-03-07,0
2627,2010-03-25,0
2628,2017-02-23,0
2629,2017-06-16,0
2630,2012-10-18,0
2631,2010-11-18,0
2632,2014-05-16,0
2633,2014-10-05,0
2634,2013-05-14,0
2635,2011-10-24,0
2636,2010-01-04,0
2637,2013-10-06,0
2638,2015-12-24,0
2639,2017-12-30,0
2640,2016-03-11,0
2641,2021-11-20,0
2642,2020-05-15,0
2643,2016-02-04,0
2644,2021-07-26,0
2645,2010-02-09,0
2646,2020-06-16,0
2647,2012-02-08,0
2648,2013-12-09,0
2649,2020-01-01,0
2650,2013-10-13,0
2651,2012-10-16,0
2652,2019-08-24,0
2653,2018-06-21,0
2654,2017-05-12,0
2655,2018-03-04,0
2656,2011-04-23,0
2657,2013-04-29,0
2658,2013-12-31,0
2659,2010-08-18,0
2660,2012-08-08,0
2661,2014-09-07,0
2662,2015-07-08,0
2663,2017-08-13,0
2664,2014-03-08,0
2665,2020-09-25,0
2666,2017-03-22,0
2667,2013-03-25,0
2668,2013-04-07,0
2669,2020-07-04,0
2670,2015-07-19,0
2671,2020-01-14,0
2672,2014-11-30,0
2673,2017-08-01,0
2674,2018-01-01,0
2675,2012-03-28,0
2676,2018-06-11,0
2677,2014-10-20,0
2678,2017-06-27,0
2679,2020-03-24,0
2680,2016-01-25,0
2681,2020-10-24,0
2682,2014-01-13,0
2683,2015-09-07,0
2684,2016-05-28,0
2685,2012-07-23,0
2686,2014-05-22,0
2687,2015-09-09,0
2688,2013-01-23,0
2689,2017-06-01,0
2690,2021-11-13,0
2691,2011-04-27,0
2692,2020-02-05,0
2693,2021-01-08,0
2694,2019-02-09,0
2695,2017-04-15,0
2696,2012-06-23,0
2697,2016-06-22,0
2698,2019-06-18,0
2699,2014-06-13,0
2700,2012-02-12,0
2701,2010-04-08,0
2702,2013-08-02,0
2703,2010-09-18,0
2704,2013-08-10,0
2705,2010-01-01,0
2706,2016-02-20,0
2707,2011-05-23,0
2708,2020-04-30,0
2709,2017-12-03,0
2710,2015-03-01,0
2711,2018-12-22,0
2712,2019-10-13,0
2713,2016-02-02,0
2714,2012-11-11,0
2715,2014-02-17,0
2716,2016-05-08,0
2717,2014-08-23,0
2718,2014-05-28,0
2719,2016-06-17,0
2720,2013-08-13,0
2721,2020-03-21,0
2722,2020-10-29,0
2723,2015-08-26,0
2724,2011-08-14,0
2725,2017-10-14,0
2726,2011-11-20,0
2727,2012-09-17,0
2728,2017-12-21,0
2729,2020-10-31,0
2730,2016-07-11,0
2731,2013-06-07,0
2732,2013-11-17,0
2733,2016-03-21,0
2734,2021-03-10,0
2735,2018-04-18,0
2736,2017-06-02,0
2737,2017-01-18,0
2738,2017-10-18,0
2739,2016-03-04,0
2740,2017-08-15,0
2741,2019-02-05,0
2742,2011-12-08,0
2743,2020-08-07,0
2744,2013-07-26,0
2745,2017-02-15,0
2746,2011-08-17,0
2747,2013-01-01,0
2748,2013-09-29,0
2749,2018-12-07,0
2750,2019-12-31,0
2751,2012-06-16,0
2752,2016-07-08,0
2753,2016-08-16,0
2754,2019-10-05,0
2755,2020-01-08,0
2756,2021-02-18,0
2757,2015-01-18,0
2758,2012-12-13,0
2759,2011-04-16,0
2760,2017-12-17,0
2761,2010-06-05,0
2762,2019-08-12,0
2763,2019-11-17,0
2764,2020-11-07,0
2765,2010-09-23,0
2766,2012-09-24,0
2767,2014-06-05,0
2768,2012-05-09,0
2769,2016-11-04,0
2770,2015-05-04,0
2771,2016-01-20,0
2772,2017-10-22,0
2773,2019-03-31,0
2774,2018-03-15,0
2775,2011-12-30,0
2776,2020-04-15,0
2777,2018-01-15,0
2778,2018-06-27,0
2779,2020-11-03,0
2780,2020-11-01,0
2781,2017-09-16,0
2782,2017-10-09,0
2783,2011-10-07,0
2784,2011-03-10,0
2785,2019-05-12,0
2786,2010-12-03,0
2787,2020-06-25,0
2788,2012-09-28,0
2789,2011-04-08,0
2790,2014-07-25,0
2791,2017-06-26,0
2792,2015-12-18,0
2793,2015-08-12,0
2794,2011-03-14,0
2795,2016-08-24,0
2796,2010-05-15,0
2797,2017-11-13,0
2798,2013-11-11,0
2799,2021-05-03,0
2800,2020-12-10,0
2801,2014-06-06,0
2802,2011-11-21,0
2803,2013-09-26,0
2804,2010-01-08,0
2805,2014-09-13,0
2806,2016-08-22,0
2807,2014-04-10,0
2808,2010-07-05,0
2809,2014-09-03,0
2810,2012-02-07,0
2811,2011-09-08,0
2812,2016-05-09,0
2813,2011-06-25,0
2814,2021-03-31,0
2815,2010-05-03,0
2816,2017-03-29,0
2817,2019-10-03,0
2818,2019-05-16,0
2819,2021-04-25,0
2820,2016-12-05,0
2821,2012-01-15,0
2822,2011-07-24,0
2823,2011-09-06,0
2824,2015-03-25,0
2825,2018-12-14,0
2826,2011-03-08,0
2827,2019-08-07,0
2828,2016-11-18,0
2829,2010-11-08,0
2830,2019-10-12,0
2831,2021-07-11,0
2832,2019-12-15,0
2833,2019-11-18,0
2834,2011-06-03,0
2835,2012-12-30,0
2836,2013-05-25,0
2837,2018-12-11,0
2838,2010-02-17,0
2839,2018-02-02,0
2840,2020-03-16,0
2841,2017-10-06,0
2842,2021-05-19,0
2843,2010-05-09,0
2844,2014-05-03,0
2845,2015-01-09,0
2846,2015-12-22,0
2847,2018-02-26,0
2848,2011-11-14,0
2849,2015-04-04,0
2850,2017-04-08,0
2851,2018-11-06,0
2852,2020-06-23,0
2853,2015-05-31,0
2854,2010-12-14,0
2855,2013-04-23,0
2856,2012-10-29,0
2857,2011-09-02,0
2858,2015-01-23,0
2859,2010-12-30,0
2860,2013-08-17,0
2861,2019-04-30,0
2862,2011-10-03,0
2863,2015-11-03,0
2864,2019-06-19,0
2865,2011-12-11,0
2866,2015-09-19,0
2867,2017-08-21,0
2868,2019-09-04,0
2869,2010-08-09,0
2870,2015-02-17,0
2871,2014-01-31,0
2872,2018-11-10,0
2873,2018-04-07,0
2874,2012-10-11,0
2875,2012-06-03,0
2876,2020-07-16,0
2877,2015-08-02,0
2878,2018-03-23,0
2879,2014-03-06,0
2880,2011-09-16,0
2881,2014-11-04,0
2882,2018-04-02,0
2883,2018-07-06,0
2884,2019-10-26,0
2885,2017-10-07,0
2886,2011-10-25,0
2887,2020-10-27,0
2888,2010-04-20,0
2889,2017-10-21,0
2890,2013-08-25,0
2891,2018-12-17,0
2892,2019-11-05,0
2893,2016-07-25,0
2894,2010-02-24,0
2895,2014-06-09,0
2896,2010-07-21,0
2897,2017-11-06,0
2898,2016-03-09,0
2899,2014-02-14,0
2900,2021-10-14,0
2901,2012-11-09,0
2902,2014-05-11,0
2903,2017-02-26,0
2904,2012-07-29,0
2905,2018-06-07,0
2906,2012-04-21,0
2907,2014-03-12,0
2908,2021-12-30,0
2909,2014-09-09,0
2910,2019-08-30,0
2911,2013-03-18,0
2912,2013-03-04,0
2913,2014-04-03,0
2914,2010-03-20,0
2915,2012-01-08,0
2916,2010-12-04,0
2917,2011-07-06,0
2918,2019-01-24,0
2919,2011-02-19,0
2920,2016-01-26,0
2921,2010-10-29,0
2922,2018-07-19,0
2923,2011-06-21,0
2924,2015-02-06,0
2925,2019-04-02,0
2926,2020-05-04,0
2927,2016-06-24,0
2928,2021-12-17,0
2929,2013-01-16,0
2930,2015-03-23,0
2931,2013-06-29,0
2932,2014-08-29,0
2933,2014-07-23,0
2934,2013-05-06,0
2935,2014-04-17,0
2936,2014-12-05,0
2937,2012-06-15,0
2938,2017-01-08,0
2939,2010-03-09,0
2940,2011-07-15,0
2941,2011-06-09,0
2942,2015-03-13,0
2943,2019-08-09,0
2944,2016-02-06,0
2945,2019-04-29,0
2946,2017-08-14,0
2947,2010-09-13,0
2948,2017-10-04,0
2949,2018-11-20,0
2950,2019-08-23,0
2951,2020-09-18,0
2952,2021-11-19,0
2953,2010-07-20,0
2954,2018-06-13,0
2955,2015-04-06,0
2956,2015-10-14,0
2957,2015-12-27,0
2958,2011-09-19,0
2959,2012-07-27,0
2960,2012-05-25,0
2961,2015-08-22,0
2962,2017-09-25,0
2963,2010-03-01,0
2964,2015-11-25,0
2965,2012-03-02,0
2966,2017-01-06,0
2967,2018-05-17,0
2968,2019-04-23,0
2969,2020-02-17,0
2970,2014-12-14,0
2971,2011-02-14,0
2972,2021-03-27,0
2973,2020-12-07,0
2974,2017-06-06,0
2975,2012-12-12,0
2976,2019-06-15,0
2977,2018-02-22,0
2978,2019-06-07,0
2979,2019-04-28,0
2980,2012-08-15,0
2981,2014-04-22,0
2982,2016-04-14,0
2983,2013-10-15,0
2984,2017-07-22,0
2985,2020-11-25,0
2986,2021-11-21,0
2987,2016-10-05,0
2988,2012-12-03,0
2989,2019-01-31,0
2990,2011-12-29,0
2991,2017-03-08,0
2992,2019-12-09,0
2993,2010-07-13,0
2994,2010-07-06,0
2995,2013-10-10,0
2996,2016-11-12,0
2997,2013-10-22,0
2998,2010-04-12,0
2999,2014-01-15,0
3000,2017-04-22,0
3001,2019-07-07,0
3002,2014-11-24,0
3003,2019-07-08,0
3004,2019-08-08,0
3005,2015-07-02,0
3006,2015-09-29,0
3007,2012-06-22,0
3008,2019-09-16,0
3009,2021-04-23,0
3010,2014-11-11,0
3011,2012-01-13,0
3012,2013-08-18,0
3013,2017-01-28,0
3014,2021-06-05,0
3015,2012-12-27,0
3016,2014-08-14,0
3017,2011-08-13,0
3018,2017-05-16,0
3019,2013-09-28,0
3020,2011-11-27,0
3021,2018-12-09,0
3022,2013-04-09,0
3023,2010-01-30,0
3024,2010-04-21,0
3025,2018-03-18,0
3026,2013-12-23,0
3027,2012-03-12,0
3028,2020-06-12,0
3029,2017-05-09,0
3030,2020-02-03,0
3031,2019-01-11,0
3032,2016-04-21,0
3033,2010-03-17,0
3034,2014-08-10,0
3035,2020-06-27,0
3036,2015-05-11,0
3037,2015-11-28,0
3038,2016-06-04,0
3039,2013-08-22,0
3040,2010-06-11,0
3041,2016-11-26,0
3042,2017-05-25,0
3043,2013-10-09,0
3044,2012-09-13,0
3045,2020-07-24,0
3046,2011-03-16,0
3047,2013-08-08,0
3048,2012-02-02,0
3049,2016-02-19,0
3050,2011-08-05,0
3051,2018-09-17,0
3052,2011-02-22,0
3053,2011-01-19,0
3054,2013-02-26,0
3055,2019-08-16,0
3056,2020-12-29,0
3057,2017-07-14,0
3058,2011-12-07,0
3059,2012-09-15,0
3060,2017-10-13,0
3061,2012-04-30,0
3062,2019-02-16,0
3063,2010-06-19,0
3064,2011-08-24,0
3065,2012-10-31,0
3066,2016-06-21,0
3067,2021-07-28,0
3068,2011-06-17,0
3069,2013-12-10,0
3070,2010-02-16,0
3071,2020-06-14,0
3072,2017-04-13,0
3073,2019-11-26,0
3074,2012-07-03,0
3075,2015-08-11,0
3076,2020-10-05,0
3077,2021-05-05,0
3078,2010-09-17,0
3079,2020-11-27,0
3080,2011-06-30,0
3081,2014-11-28,0
3082,2018-03-17,0
3083,2015-05-03,0
3084,2020-07-23,0
3085,2017-06-23,0
3086,2011-10-13,0
3087,2019-08-10,0
3088,2020-04-21,0
3089,2018-02-03,0
3090,2021-01-22,0
3091,2015-04-20,0
3092,2012-01-19,0
3093,2013-05-19,0
3094,2016-01-06,0
3095,2010-09-10,0
3096,2018-11-12,0
3097,2017-09-21,0
3098,2015-08-17,0
3099,2016-10-06,0
3100,2013-01-03,0
3101,2020-08-31,0
3102,2013-06-25,0
3103,2018-11-04,0
3104,2019-06-06,0
3105,2021-11-22,0
3106,2015-08-04,0
3107,2018-06-03,0
3108,2011-12-20,0
3109,2015-02-05,0
3110,2016-04-26,0
3111,2018-06-06,0
3112,2019-02-28,0
3113,2013-05-28,0
3114,2016-10-14,0
3115,2015-11-26,0
3116,2012-12-11,0
3117,2012-03-10,0
3118,2012-04-03,0
3119,2016-05-16,0
3120,2016-07-04,0
3121,2018-02-06,0
3122,2014-11-10,0
3123,2018-06-28,0
3124,2011-09-17,0
3125,2016-08-12,0
3126,2015-05-29,0
3127,2017-09-18,0
3128,2021-04-13,0
3129,2019-09-26,0
3130,2010-04-26,0
3131,2012-09-25,0
3132,2014-07-30,0
3133,2014-12-25,0
3134,2016-04-30,0
3135,2010-03-28,0
3136,2017-10-05,0
3137,2011-01-28,0
3138,2014-01-02,0
3139,2018-04-26,0
3140,2011-10-04,0
3141,2010-01-31,0
3142,2019-02-06,0
3143,2016-09-18,0
3144,2012-07-28,0
3145,2010-10-17,0
3146,2018-10-14,0
3147,2019-06-20,0
3148,2017-08-08,0
3149,2013-06-06,0
3150,2015-12-11,0
3151,2019-02-18,0
3152,2015-05-17,0
3153,2011-06-14,0
3154,2018-10-22,0
3155,2011-11-03,0
3156,2019-03-29,0
3157,2019-01-26,0
3158,2011-02-24,0
3159,2018-03-27,0
3160,2017-04-23,0
3161,2014-01-23,0
3162,2010-08-24,0
3163,2015-03-18,0
3164,2017-07-04,0
3165,2017-03-11,0
3166,2017-08-05,0
3167,2011-08-04,0
3168,2012-12-18,0
3169,2010-04-18,0
3170,2019-11-08,0
3171,2014-05-18,0
3172,2019-10-28,0
3173,2010-06-04,0
3174,2014-08-31,0
3175,2015-01-04,0
3176,2017-05-03,0
3177,2013-03-21,0
3178,2011-10-22,0
3179,2014-05-07,0
3180,2014-04-18,0
3181,2016-02-22,0
3182,2021-02-05,0
3183,2018-08-27,0
3184,2021-09-21,0
3185,2013-05-29,0
3186,2019-12-10,0
3187,2020-08-01,0
3188,2020-07-22,0
3189,2015-06-02,0
3190,2010-12-17,0
3191,2011-04-24,0
3192,2018-12-27,0
3193,2020-12-30,0
3194,2015-06-05,0
3195,2010-04-14,0
3196,2013-02-22,0
3197,2017-04-10,0
3198,2018-07-20,0
3199,2019-08-29,0
3200,2014-08-17,0
3201,2020-05-12,0
3202,2017-02-20,0
3203,2021-05-21,0
3204,2013-09-01,0
3205,2019-10-19,0
3206,2012-11-16,0
3207,2015-09-23,0
3208,2019-09-11,0
3209,2010-07-03,0
3210,2013-05-21,0
3211,2021-01-05,0
3212,2019-07-29,0
3213,2014-09-30,0
3214,2018-05-12,0
3215,2012-05-23,0
3216,2020-04-29,0
3217,2021-01-25,0
3218,2011-07-13,0
3219,2020-11-17,0
3220,2015-11-20,0
3221,2017-05-11,0
3222,2016-03-12,0
3223,2014-04-21,0
3224,2021-07-09,0
3225,2011-05-21,0
3226,2010-04-28,0
3227,2014-12-03,0
3228,2020-01-30,0
3229,2020-05-22,0
3230,2017-01-05,0
3231,2015-06-23,0
3232,2017-11-01,0
3233,2019-03-05,0
3234,2012-02-16,0
3235,2013-03-19,0
3236,2012-01-14,0
3237,2011-08-22,0
3238,2014-05-26,0
3239,2017-06-14,0
3240,2012-01-11,0
3241,2015-02-25,0
3242,2013-09-20,0
3243,2019-03-30,0
3244,2021-06-11,0
3245,2020-04-23,0
3246,2012-08-05,0
3247,2015-01-10,0
3248,2018-02-19,0
3249,2019-04-27,0
3250,2014-05-09,0
3251,2015-07-22,0
3252,2013-05-22,0
3253,2018-05-01,0
3254,2016-12-07,0
3255,2011-02-04,0
3256,2016-09-07,0
3257,2017-03-05,0
3258,2018-01-08,0
3259,2018-09-24,0
3260,2019-08-27,0
3261,2017-02-03,0
3262,2015-03-21,0
3263,2019-12-04,0
3264,2015-11-24,0
3265,2017-06-10,0
3266,2013-01-08,0
3267,2021-12-03,0
3268,2014-01-28,0
3269,2013-09-21,0
3270,2017-03-27,0
3271,2014-04-16,0
3272,2019-04-09,0
3273,2012-01-10,0
3274,2015-02-07,0
3275,2013-02-11,0
3276,2021-03-09,0
3277,2011-01-22,0
3278,2012-06-09,0
3279,2014-07-26,0
3280,2021-05-12,0
3281,2014-07-10,0
3282,2014-10-19,0
3283,2020-10-13,0
3284,2011-01-14,0
3285,2021-01-17,0
3286,2020-09-19,0
3287,2013-12-04,0
3288,2013-07-22,0
3289,2011-05-20,0
3290,2019-12-22,0
3291,2014-03-25,0
3292,2017-08-12,0
3293,2020-01-27,0
3294,2020-07-12,0
3295,2020-02-10,0
3296,2011-04-28,0
3297,2010-05-10,0
3298,2016-08-14,0
3299,2013-05-11,0
3300,2019-05-06,0
3301,2015-08-10,0
3302,2021-10-08,0
3303,2018-02-12,0
3304,2012-10-20,0
3305,2014-03-04,0
3306,2012-09-23,0
3307,2019-05-14,0
3308,2020-01-22,0
3309,2011-11-26,0
3310,2019-10-07,0
3311,2018-09-14,0
3312,2014-07-04,0
3313,2010-03-30,0
3314,2011-03-06,0
3315,2012-03-21,0
3316,2010-01-02,0
3317,2012-06-08,0
3318,2015-05-12,0
3319,2012-04-13,0
3320,2014-11-05,0
3321,2017-02-18,0
3322,2021-01-29,0
3323,2011-01-29,0
3324,2018-11-21,0
3325,2018-12-28,0
3326,2018-03-03,0
3327,2019-05-23,0
3328,2012-09-22,0
3329,2014-05-02,0
3330,2014-11-03,0
3331,2011-09-14,0
3332,2015-08-01,0
3333,2010-08-08,0
3334,2013-08-23,0
3335,2019-10-15,0
3336,2020-09-04,0
3337,2015-07-11,0
3338,2010-06-12,0
3339,2016-04-10,0
3340,2011-05-27,0
3341,2017-08-19,0
3342,2019-05-01,0
3343,2020-04-20,0
3344,2010-12-11,0
3345,2011-05-17,0
3346,2018-10-05,0
3347,2017-03-24,0
3348,2013-11-03,0
3349,2016-05-06,0
3350,2011-06-24,0
3351,2012-01-30,0
3352,2017-04-26,0
3353,2018-12-21,0
3354,2014-10-21,0
3355,2012-07-14,0
3356,2016-06-14,0
3357,2013-07-05,0
3358,2019-02-26,0
3359,2011-08-29,0
3360,2020-10-17,0
3361,2013-02-05,0
3362,2012-05-18,0
3363,2016-09-29,0
3364,2012-07-26,0
3365,2012-03-08,0
3366,2015-12-14,0
3367,2011-03-24,0
3368,2013-04-17,0
3369,2012-10-22,0
3370,2011-06-06,0
3371,2016-05-01,0
3372,2017-03-14,0
3373,2013-01-21,0
3374,2021-10-21,0
3375,2021-06-27,0
3376,2012-12-24,0
3377,2018-04-14,0
3378,2018-01-29,0
3379,2012-03-06,0
3380,2017-10-16,0
3381,2021-06-06,0
3382,2015-02-21,0
3383,2010-07-23,0
3384,2016-04-15,0
3385,2010-07-02,0
3386,2017-07-10,0
3387,2010-04-02,0
3388,2018-01-31,0
3389,2017-02-09,0
3390,2020-07-10,0
3391,2013-11-18,0
3392,2016-10-19,0
3393,2012-10-02,0
3394,2016-11-29,0
3395,2020-05-06,0
3396,2010-03-10,0
3397,2012-04-25,0
3398,2016-05-26,0
3399,2016-07-05,0
3400,2017-11-29,0
3401,2018-05-14,0
3402,2014-12-20,0
3403,2014-08-13,0
3404,2018-12-25,0
3405,2013-02-06,0
3406,2016-04-12,0
3407,2019-12-27,0
3408,2015-03-30,0
3409,2011-05-01,0
3410,2020-05-07,0
3411,2018-06-10,0
3412,2010-05-04,0
3413,2011-01-02,0
3414,2015-02-27,0
3415,2012-05-22,0
3416,2019-11-27,0
3417,2015-07-21,0
3418,2019-06-11,0
3419,2019-09-19,0
3420,2014-06-26,0
3421,2010-09-07,0
3422,2015-12-29,0
3423,2010-09-27,0
3424,2011-10-29,0
3425,2014-12-02,0
3426,2016-08-25,0
3427,2014-04-07,0
3428,2011-08-25,0
3429,2013-09-18,0
3430,2014-06-08,0
3431,2014-10-07,0
3432,2010-03-15,0
3433,2018-05-05,0
3434,2010-11-28,0
3435,2018-01-18,0
3436,2019-04-04,0
3437,2015-09-25,0
3438,2015-09-26,0
3439,2014-12-04,0
3440,2011-07-11,0
3441,2010-11-07,0
3442,2013-10-04,0
3443,2013-10-20,0
3444,2021-11-11,0
3445,2018-07-10,0
3446,2021-09-13,0
3447,2013-01-19,0
3448,2013-05-15,0
3449,2018-06-22,0
3450,2020-08-09,0
3451,2015-12-26,0
3452,2018-09-28,0
3453,2019-08-02,0
3454,2014-09-29,0
3455,2015-03-12,0
3456,2017-08-04,0
3457,2013-01-05,0
3458,2020-05-10,0
3459,2019-09-28,0
3460,2021-12-19,0
3461,2012-11-22,0
3462,2021-01-20,0
3463,2019-06-27,0
3464,2010-05-05,0
3465,2011-04-14,0
3466,2010-05-23,0
3467,2019-09-01,0
3468,2020-07-18,0
3469,2016-09-11,0
3470,2010-02-28,0
3471,2017-03-25,0
3472,2012-02-21,0
3473,2011-08-06,0
3474,2013-02-09,0
3475,2016-05-03,0
3476,2012-09-06,0
3477,2015-09-02,0
3478,2020-06-05,0
3479,2014-01-24,0
3480,2017-02-02,0
3481,2012-11-18,0
3482,2013-10-05,0
3483,2017-04-25,0
3484,2020-02-12,0
3485,2016-02-03,0
3486,2018-04-27,0
3487,2012-07-25,0
3488,2010-06-24,0
3489,2015-10-21,0
3490,2013-09-15,0
3491,2014-10-17,0
3492,2013-03-09,0
3493,2011-06-13,0
3494,2015-09-17,0
3495,2010-08-02,0
3496,2013-02-10,0
3497,2011-09-18,0
3498,2017-02-11,0
3499,2014-11-06,0
3500,2016-12-30,0
3501,2016-08-30,0
3502,2019-08-20,0
3503,2020-06-30,0
3504,2013-07-29,0
3505,2016-08-07,0
3506,2020-10-12,0
3507,2021-01-03,0
3508,2018-11-17,0
3509,2011-02-16,0
3510,2019-10-10,0
3511,2011-04-03,0
3512,2016-03-08,0
3513,2016-02-24,0
3514,2013-05-08,0
3515,2012-07-10,0
3516,2015-07-05,0
3517,2012-05-21,0
3518,2018-12-12,0
3519,2010-10-15,0
3520,2013-09-27,0
3521,2018-01-11,0
3522,2018-07-01,0
3523,2012-10-13,0
3524,2016-01-10,0
3525,2016-12-02,0
3526,2019-11-09,0
3527,2017-06-05,0
3528,2020-07-15,0
3529,2015-01-20,0
3530,2015-03-17,0
3531,2016-07-26,0
3532,2019-03-22,0
3533,2021-01-10,0
3534,2014-08-05,0
3535,2013-07-27,0
3536,2019-09-14,0
3537,2012-11-30,0
3538,2015-06-22,0
3539,2013-06-03,0
3540,2017-01-12,0
3541,2018-12-26,0
3542,2014-09-06,0
3543,2015-07-29,0
3544,2013-12-11,0
3545,2013-12-08,0
3546,2015-07-15,0
3547,2021-04-19,0
3548,2012-02-20,0
3549,2015-10-04,0
3550,2021-04-21,0
3551,2010-12-01,0
3552,2018-03-07,0
3553,2017-08-18,0
3554,2010-04-11,0
3555,2016-01-24,0
3556,2014-02-26,0
3557,2020-06-15,0
3558,2015-05-23,0
3559,2019-01-30,0
3560,2010-06-17,0
3561,2017-07-27,0
3562,2011-04-07,0
3563,2017-02-06,0
3564,2012-10-08,0
3565,2019-05-29,0
3566,2017-02-12,0
3567,2021-11-17,0
3568,2020-03-13,0
3569,2021-10-29,0
3570,2014-02-05,0
3571,2010-03-11,0
3572,2017-05-01,0
3573,2018-11-07,0
3574,2012-09-20,0
3575,2015-02-23,0
3576,2013-05-13,0
3577,2015-07-12,0
3578,2017-12-11,0
3579,2020-07-31,0
3580,2014-07-01,0
3581,2013-05-02,0
3582,2016-09-26,0
3583,2017-08-02,0
3584,2018-11-27,0
3585,2019-04-06,0
3586,2011-07-23,0
3587,2020-01-05,0
3588,2021-02-15,0
3589,2021-05-20,0
3590,2011-03-29,0
3591,2010-09-22,0
3592,2011-08-01,0
3593,2021-05-04,0
3594,2012-05-05,0
3595,2015-03-20,0
3596,2016-12-24,0
3597,2021-12-29,0
3598,2012-06-01,0
3599,2010-05-27,0
3600,2013-08-11,0
3601,2012-11-03,0
3602,2021-10-15,0
3603,2010-10-13,0
3604,2015-10-19,0
3605,2011-05-16,0
3606,2016-06-12,0
3607,2019-01-12,0
3608,2016-02-25,0
3609,2018-12-10,0
3610,2020-10-30,0
3611,2016-07-30,0
3612,2017-08-03,0
3613,2010-12-31,0
3614,2012-01-25,0
3615,2019-09-13,0
3616,2017-01-31,0
3617,2018-10-24,0
3618,2018-02-05,0
3619,2010-03-13,0
3620,2018-02-17,0
3621,2019-02-13,0
3622,2021-01-07,0
3623,2021-05-08,0
3624,2013-07-02,0
3625,2021-03-22,0
3626,2018-05-22,0
3627,2018-07-21,0
3628,2021-11-10,0
3629,2012-06-13,0
3630,2015-06-08,0
3631,2015-09-27,0
3632,2019-07-10,0
3633,2012-07-20,0
3634,2018-01-14,0
3635,2014-10-18,0
3636,2019-11-13,0
3637,2011-12-13,0
3638,2021-03-26,0
3639,2014-02-12,0
3640,2015-09-12,0
3641,2010-04-24,0
3642,2017-03-19,0
3643,2018-12-08,0
3644,2017-03-06,0
3645,2019-06-24,0
3646,2015-01-24,0
3647,2015-03-03,0
3648,2010-09-26,0
3649,2015-07-01,0
3650,2014-02-23,0
3651,2020-07-09,0
3652,2019-02-27,0
3653,2020-09-26,0
3654,2010-12-26,0
3655,2013-06-15,0
3656,2019-11-29,0
3657,2016-03-05,0
3658,2020-02-25,0
3659,2011-06-28,0
3660,2020-08-27,0
3661,2014-12-07,0
3662,2021-01-02,0
3663,2016-04-25,0
3664,2017-04-21,0
3665,2013-03-07,0
3666,2010-12-18,0
3667,2010-08-14,0
3668,2011-04-12,0
3669,2012-01-21,0
3670,2010-03-02,0
3671,2010-11-01,0
3672,2014-11-15,0
3673,2016-06-15,0
3674,2016-07-21,0
3675,2019-08-05,0
3676,2012-12-19,0
3677,2012-12-22,0
3678,2014-03-13,0
3679,2014-04-23,0
3680,2017-01-01,0
3681,2015-04-09,0
3682,2012-11-02,0
3683,2021-07-08,0
3684,2019-08-31,0
3685,2015-12-12,0
3686,2017-01-10,0
3687,2011-06-05,0
3688,2017-04-20,0
3689,2010-11-22,0
3690,2020-12-22,0
3691,2017-12-14,0
3692,2019-10-08,0
3693,2010-02-07,0
3694,2019-07-13,0
3695,2010-01-11,0
3696,2015-11-13,0
3697,2018-08-25,0
3698,2013-09-16,0
3699,2012-04-24,0
3700,2014-06-29,0
3701,2016-03-23,0
3702,2020-08-29,0
3703,2014-10-09,0
3704,2016-06-01,0
3705,2017-11-07,0
3706,2020-10-18,0
3707,2016-07-09,0
3708,2016-01-30,0
3709,2018-01-06,0
3710,2017-03-23,0
3711,2014-04-15,0
3712,2016-12-17,0
3713,2010-02-06,0
3714,2015-04-08,0
3715,2016-11-17,0
3716,2013-11-26,0
3717,2013-09-30,0
3718,2015-09-20,0
3719,2016-10-26,0
3720,2012-03-11,0
3721,2014-06-22,0
3722,2021-12-21,0
3723,2012-04-18,0
3724,2015-02-28,0
3725,2010-03-31,0
3726,2010-11-30,0
3727,2012-03-13,0
3728,2016-11-19,0
3729,2017-04-02,0
3730,2014-09-25,0
3731,2018-03-06,0
3732,2018-09-16,0
3733,2011-05-18,0
3734,2016-10-02,0
3735,2017-07-17,0
3736,2015-06-28,0
3737,2020-05-29,0
3738,2021-06-07,0
3739,2021-04-14,0
3740,2012-11-01,0
3741,2019-09-03,0
3742,2010-01-21,0
3743,2017-03-16,0
3744,2019-09-02,0
3745,2010-12-06,0
3746,2010-07-17,0
3747,2011-10-28,0
3748,2020-12-03,0
3749,2011-07-22,0
3750,2015-03-28,0
3751,2015-02-09,0
3752,2013-06-09,0
3753,2012-07-18,0
3754,2016-12-20,0
3755,2020-06-01,0
3756,2011-12-05,0
3757,2019-06-12,0
3758,2014-05-12,0
3759,2016-07-16,0
3760,2012-04-06,0
3761,2018-03-16,0
3762,2013-01-18,0
3763,2017-03-10,0
3764,2012-11-28,0
3765,2014-11-13,0
3766,2012-11-04,0
3767,2010-01-03,0
3768,2012-07-21,0
3769,2012-03-01,0
3770,2011-07-27,0
3771,2016-10-27,0
3772,2015-04-27,0
3773,2018-07-07,0
3774,2020-04-06,0
3775,2012-12-29,0
3776,2020-04-04,0
3777,2021-05-18,0
3778,2020-02-08,0
3779,2013-03-29,0
3780,2017-10-20,0
3781,2019-06-04,0
3782,2010-11-12,0
3783,2011-09-24,0
3784,2010-06-30,0
3785,2013-11-09,0
3786,2021-11-15,0
3787,2015-06-14,0
3788,2011-07-09,0
3789,2016-05-07,0
3790,2011-03-15,0
3791,2017-11-16,0
3792,2020-05-31,0
3793,2015-11-16,0
3794,2016-07-23,0
3795,2015-05-02,0
3796,2018-03-31,0
3797,2020-02-26,0
3798,2012-03-09,0
3799,2014-11-14,0
3800,2011-07-03,0
3801,2018-05-25,0
3802,2011-04-15,0
3803,2011-08-11,0
3804,2017-03-09,0
3805,2013-10-21,0
3806,2019-10-14,0
3807,2020-01-04,0
3808,2020-09-16,0
3809,2016-09-27,0
3810,2013-06-26,0
3811,2014-05-31,0
3812,2016-03-20,0
3813,2013-11-30,0
3814,2015-01-21,0
3815,2019-10-24,0
3816,2010-11-05,0
3817,2015-07-13,0
3818,2018-10-03,0
3819,2014-05-21,0
3820,2019-11-02,0
3821,2012-05-01,0
3822,2019-06-01,0
3823,2015-05-26,0
3824,2015-10-18,0
3825,2014-10-03,0
3826,2015-06-19,0
3827,2019-11-20,0
3828,2010-04-17,0
3829,2011-12-26,0
3830,2020-08-02,0
3831,2021-02-06,0
3832,2016-07-17,0
3833,2018-10-07,0
3834,2016-09-12,0
3835,2010-01-15,0
3836,2019-10-02,0
3837,2010-01-17,0
3838,2014-07-29,0
3839,2017-10-19,0
3840,2020-06-18,0
3841,2010-09-12,0
3842,2015-10-31,0
3843,2019-12-01,0
3844,2011-02-25,0
3845,2013-09-12,0
3846,2015-11-08,0
3847,2019-03-24,0
3848,2010-05-22,0
3849,2011-02-18,0
3850,2012-07-01,0
3851,2017-07-01,0
3852,2017-11-21,0
3853,2015-02-04,0
3854,2012-02-26,0
3855,2014-01-19,0
3856,2015-01-26,0
3857,2013-03-31,0
3858,2016-05-18,0
3859,2020-12-28,0
3860,2011-09-13,0
3861,2018-03-09,0
3862,2018-07-18,0
3863,2015-04-13,0
3864,2013-09-08,0
3865,2010-06-15,0
3866,2011-12-18,0
3867,2012-01-17,0
3868,2015-03-05,0
3869,2015-07-20,0
3870,2013-06-12,0
3871,2018-04-01,0
3872,2011-01-11,0
3873,2014-04-20,0
3874,2020-05-02,0
3875,2020-03-15,0
3876,2019-10-30,0
3877,2011-09-27,0
3878,2017-10-08,0
3879,2021-09-20,0
3880,2016-03-27,0
3881,2013-07-01,0
3882,2019-12-24,0
3883,2021-11-18,0
3884,2010-01-24,0
3885,2021-02-14,0
3886,2012-06-27,0
3887,2021-09-19,0
3888,2013-09-13,0
3889,2014-11-21,0
3890,2015-04-15,0
3891,2016-08-15,0
3892,2014-06-16,0
3893,2020-01-10,0
3894,2013-01-13,0
3895,2019-04-13,0
3896,2011-02-23,0
3897,2017-11-10,0
3898,2014-03-29,0
3899,2013-02-19,0
3900,2011-01-12,0
3901,2014-03-10,0
3902,2014-11-12,0
3903,2018-06-04,0
3904,2018-11-09,0
3905,2012-12-16,0
3906,2012-02-14,0
3907,2019-05-24,0
3908,2018-05-03,0
3909,2014-11-02,0
3910,2016-09-16,0
3911,2013-03-10,0
3912,2017-07-23,0
3913,2010-02-20,0
3914,2014-07-09,0
3915,2013-01-25,0
3916,2016-04-04,0
3917,2010-10-03,0
3918,2010-05-08,0
3919,2010-09-09,0
3920,2019-01-16,0
3921,2017-01-23,0
3922,2011-11-15,0
3923,2015-06-26,0
3924,2021-11-27,0
3925,2015-01-25,0
3926,2018-04-21,0
3927,2016-04-27,0
3928,2017-04-24,0
3929,2011-09-09,0
3930,2021-05-26,0
3931,2019-10-22,0
3932,2020-11-26,0
3933,2014-07-21,0
3934,2011-11-06,0
3935,2019-01-01,0
3936,2011-05-24,0
3937,2012-08-06,0
3938,2011-03-07,0
3939,2015-07-09,0
3940,2012-07-09,0
3941,2017-01-03,0
3942,2018-04-05,0
3943,2010-05-12,0
3944,2019-11-10,0
3945,2021-05-01,0
3946,2016-09-20,0
3947,2021-07-18,0
3948,2010-11-24,0
3949,2011-04-02,0
3950,2016-11-11,0
3951,2015-05-27,0
3952,2013-10-23,0
3953,2017-09-22,0
3954,2015-07-28,0
3955,2017-07-21,0
3956,2012-09-16,0
3957,2020-09-01,0
3958,2020-11-16,0
3959,2021-06-13,0
3960,2011-03-19,0
3961,2013-01-27,0
3962,2012-05-20,0
3963,2019-03-21,0
3964,2020-11-14,0
3965,2010-01-29,0
3966,2016-03-18,0
3967,2010-02-13,0
3968,2016-08-01,0
3969,2012-04-10,0
3970,2016-12-10,0
3971,2017-04-11,0
3972,2017-06-22,0
3973,2017-07-06,0
3974,2019-10-25,0
3975,2011-06-26,0
3976,2020-12-16,0
3977,2013-06-21,0
3978,2019-06-08,0
3979,2012-06-18,0
3980,2013-02-16,0
3981,2016-04-09,0
3982,2019-02-01,0
3983,2012-12-09,0
3984,2021-03-24,0
3985,2011-12-15,0
3986,2011-12-12,0
3987,2019-01-23,0
3988,2013-01-28,0
3989,2015-07-06,0
3990,2017-12-13,0
3991,2011-08-16,0
3992,2010-10-28,0
3993,2015-11-15,0
3994,2017-12-25,0
3995,2014-12-29,0
3996,2012-12-26,0
3997,2013-09-14,0
3998,2020-01-31,0
3999,2021-02-11,0
4000,2020-01-03,0
4001,2019-06-25,0
4002,2013-08-30,0
4003,2014-12-13,0
4004,2017-09-23,0
4005,2021-01-26,0
4006,2021-07-10,0
4007,2015-07-30,0
4008,2021-10-13,0
4009,2015-01-13,0
4010,2013-03-27,0
4011,2012-11-21,0
4012,2016-01-22,0
4013,2018-06-01,0
4014,2014-08-25,0
4015,2018-07-05,0
4016,2011-12-09,0
4017,2012-01-22,0
4018,2021-04-09,0
4019,2013-08-20,0
4020,2017-10-25,0
4021,2016-11-25,0
4022,2020-02-27,0
4023,2018-07-04,0
4024,2020-04-07,0
4025,2020-11-04,0
4026,2016-07-15,0
4027,2019-05-31,0
4028,2015-11-11,0
4029,2014-11-22,0
4030,2012-03-30,0
4031,2019-04-19,0
4032,2019-06-28,0
4033,2018-04-15,0
4034,2019-07-09,0
4035,2018-04-20,0
4036,2012-02-22,0
4037,2021-12-18,0
4038,2020-11-02,0
4039,2015-01-06,0
4040,2017-06-07,0
4041,2014-05-01,0
4042,2010-11-23,0
4043,2011-11-01,0
4044,2016-09-24,0
4045,2019-03-25,0
4046,2011-03-26,0
4047,2018-01-19,0
4048,2020-08-23,0
4049,2014-10-31,0
4050,2013-09-22,0
4051,2014-02-01,0
4052,2014-06-04,0
4053,2010-02-23,0
4054,2015-04-29,0
4055,2014-01-12,0
4056,2014-03-27,0
4057,2011-04-06,0
4058,2015-12-05,0
